site,kind,ym,n_scenes,vh
20171016_EW_WW_Campus_AOE,polygon,2016-01,16,-14.748218628536632
20171114_EW_WW_Bachsee_north_AOE,polygon,2016-01,16,-14.542155114961878
2017_Xavier_BB_Eberswalde_UAV_AOE,polygon,2016-01,16,-14.633517074143626
20210706_EW_WW_Kaufland_AOE,polygon,2016-01,16,-14.830372802387725
20220226_EW_WW_Campus_Oberheide_AOE,polygon,2016-01,16,-14.766863610804286
2022_Zeynep_BB_Eberswalde_UAV_AOE,polygon,2016-01,16,-15.020651520786554
20220212_Barnekow_3_AOE,polygon,2016-01,16,-18.24562065165828
20220212_Barnekow_5_AOE,polygon,2016-01,16,-17.895451713257177
2022_Zeynep_MV_Barnekow_AOE,polygon,2016-01,16,-18.039777463965265
2022_Zeynep_MV_Bremerhagen_AOE,polygon,2016-01,16,-17.806449317000535
20220209_Bremerhagen_3_AOE,polygon,2016-01,16,-17.50004329687795
20171016_EW_WW_Campus_AOE,ring,2016-01,16,-15.03566712162696
20171114_EW_WW_Bachsee_north_AOE,ring,2016-01,16,-14.977190653243733
2017_Xavier_BB_Eberswalde_UAV_AOE,ring,2016-01,16,-15.132015856623152
20210706_EW_WW_Kaufland_AOE,ring,2016-01,16,-15.74639414377926
20220226_EW_WW_Campus_Oberheide_AOE,ring,2016-01,16,-15.079315532728756
2022_Zeynep_BB_Eberswalde_UAV_AOE,ring,2016-01,16,-15.568721034253606
20220212_Barnekow_3_AOE,ring,2016-01,16,-16.82653958553119
20220212_Barnekow_5_AOE,ring,2016-01,16,-17.12225220035309
2022_Zeynep_MV_Barnekow_AOE,ring,2016-01,16,-16.93186268532161
2022_Zeynep_MV_Bremerhagen_AOE,ring,2016-01,16,-16.69031101010427
20220209_Bremerhagen_3_AOE,ring,2016-01,16,-16.778610964152524
20171016_EW_WW_Campus_AOE,polygon,2016-02,15,-14.762328130070493
20171114_EW_WW_Bachsee_north_AOE,polygon,2016-02,15,-13.111211339596734
2017_Xavier_BB_Eberswalde_UAV_AOE,polygon,2016-02,15,-13.970529191796201
20210706_EW_WW_Kaufland_AOE,polygon,2016-02,15,-13.711722220190001
20220226_EW_WW_Campus_Oberheide_AOE,polygon,2016-02,15,-14.769888894642277
2022_Zeynep_BB_Eberswalde_UAV_AOE,polygon,2016-02,15,-14.853746491997443
20220212_Barnekow_3_AOE,polygon,2016-02,15,-17.251621920169438
20220212_Barnekow_5_AOE,polygon,2016-02,15,-17.051260646676564
2022_Zeynep_MV_Barnekow_AOE,polygon,2016-02,15,-16.981448541753117
2022_Zeynep_MV_Bremerhagen_AOE,polygon,2016-02,15,-16.820025595361667
20220209_Bremerhagen_3_AOE,polygon,2016-02,15,-17.384379968476406
20171016_EW_WW_Campus_AOE,ring,2016-02,15,-15.060531433649587
20171114_EW_WW_Bachsee_north_AOE,ring,2016-02,15,-13.596034907997323
2017_Xavier_BB_Eberswalde_UAV_AOE,ring,2016-02,15,-14.478817105114372
20210706_EW_WW_Kaufland_AOE,ring,2016-02,15,-15.707784582483162
20220226_EW_WW_Campus_Oberheide_AOE,ring,2016-02,15,-15.03663057401405
2022_Zeynep_BB_Eberswalde_UAV_AOE,ring,2016-02,15,-15.054189734301174
20220212_Barnekow_3_AOE,ring,2016-02,15,-15.816747238891626
20220212_Barnekow_5_AOE,ring,2016-02,15,-15.933256766266856
2022_Zeynep_MV_Barnekow_AOE,ring,2016-02,15,-15.748108161590336
2022_Zeynep_MV_Bremerhagen_AOE,ring,2016-02,15,-15.586381272492506
20220209_Bremerhagen_3_AOE,ring,2016-02,15,-15.762443842876134
20171016_EW_WW_Campus_AOE,polygon,2016-03,16,-14.23871276990307
20171114_EW_WW_Bachsee_north_AOE,polygon,2016-03,16,-13.817113415045029
2017_Xavier_BB_Eberswalde_UAV_AOE,polygon,2016-03,16,-13.960306907713274
20210706_EW_WW_Kaufland_AOE,polygon,2016-03,16,-13.663486465581064
20220226_EW_WW_Campus_Oberheide_AOE,polygon,2016-03,16,-14.32755202184284
2022_Zeynep_BB_Eberswalde_UAV_AOE,polygon,2016-03,16,-14.437101742089185
20220212_Barnekow_3_AOE,polygon,2016-03,16,-16.416839580481643
20220212_Barnekow_5_AOE,polygon,2016-03,16,-16.5944371572743
2022_Zeynep_MV_Barnekow_AOE,polygon,2016-03,16,-16.24919023918821
2022_Zeynep_MV_Bremerhagen_AOE,polygon,2016-03,16,-16.28471207784305
20220209_Bremerhagen_3_AOE,polygon,2016-03,16,-16.518777588594002
20171016_EW_WW_Campus_AOE,ring,2016-03,16,-14.5374828325419
20171114_EW_WW_Bachsee_north_AOE,ring,2016-03,16,-13.979694997603925
2017_Xavier_BB_Eberswalde_UAV_AOE,ring,2016-03,16,-14.420573376068765
20210706_EW_WW_Kaufland_AOE,ring,2016-03,16,-15.344904189857372
20220226_EW_WW_Campus_Oberheide_AOE,ring,2016-03,16,-14.565177788198577
2022_Zeynep_BB_Eberswalde_UAV_AOE,ring,2016-03,16,-14.805636751303467
20220212_Barnekow_3_AOE,ring,2016-03,16,-15.443750253937573
20220212_Barnekow_5_AOE,ring,2016-03,16,-15.639440490510584
2022_Zeynep_MV_Barnekow_AOE,ring,2016-03,16,-15.398949295056278
2022_Zeynep_MV_Bremerhagen_AOE,ring,2016-03,16,-15.018179935595253
20220209_Bremerhagen_3_AOE,ring,2016-03,16,-15.160400780787862
20171016_EW_WW_Campus_AOE,polygon,2016-04,16,-14.396864824044702
20171114_EW_WW_Bachsee_north_AOE,polygon,2016-04,16,-13.336086949841752
2017_Xavier_BB_Eberswalde_UAV_AOE,polygon,2016-04,16,-13.910198721188676
20210706_EW_WW_Kaufland_AOE,polygon,2016-04,16,-13.950535537398505
20220226_EW_WW_Campus_Oberheide_AOE,polygon,2016-04,16,-14.39035720983547
2022_Zeynep_BB_Eberswalde_UAV_AOE,polygon,2016-04,16,-14.521021738645207
20220212_Barnekow_3_AOE,polygon,2016-04,16,-16.773551368628837
20220212_Barnekow_5_AOE,polygon,2016-04,16,-16.21316550310408
2022_Zeynep_MV_Barnekow_AOE,polygon,2016-04,16,-16.050918489334148
2022_Zeynep_MV_Bremerhagen_AOE,polygon,2016-04,16,-16.01574892005511
20220209_Bremerhagen_3_AOE,polygon,2016-04,16,-16.478394167135882
20171016_EW_WW_Campus_AOE,ring,2016-04,16,-14.886222281717355
20171114_EW_WW_Bachsee_north_AOE,ring,2016-04,16,-13.716536461288173
2017_Xavier_BB_Eberswalde_UAV_AOE,ring,2016-04,16,-14.485621309162871
20210706_EW_WW_Kaufland_AOE,ring,2016-04,16,-15.757828626734883
20220226_EW_WW_Campus_Oberheide_AOE,ring,2016-04,16,-14.87171943402995
2022_Zeynep_BB_Eberswalde_UAV_AOE,ring,2016-04,16,-15.023643941179843
20220212_Barnekow_3_AOE,ring,2016-04,16,-15.256914584492087
20220212_Barnekow_5_AOE,ring,2016-04,16,-15.487900064906082
2022_Zeynep_MV_Barnekow_AOE,ring,2016-04,16,-15.285572895898893
2022_Zeynep_MV_Bremerhagen_AOE,ring,2016-04,16,-14.865429945109263
20220209_Bremerhagen_3_AOE,ring,2016-04,16,-14.984880114230629
20171016_EW_WW_Campus_AOE,polygon,2016-05,15,-15.197833247538359
20171114_EW_WW_Bachsee_north_AOE,polygon,2016-05,15,-14.516260705102317
2017_Xavier_BB_Eberswalde_UAV_AOE,polygon,2016-05,15,-14.884457805262747
20210706_EW_WW_Kaufland_AOE,polygon,2016-05,15,-14.908730072936342
20220226_EW_WW_Campus_Oberheide_AOE,polygon,2016-05,15,-14.977587999802937
2022_Zeynep_BB_Eberswalde_UAV_AOE,polygon,2016-05,15,-15.115209982007073
20220212_Barnekow_3_AOE,polygon,2016-05,15,-15.917659969834338
20220212_Barnekow_5_AOE,polygon,2016-05,15,-15.576093312666073
2022_Zeynep_MV_Barnekow_AOE,polygon,2016-05,15,-15.366557356344996
2022_Zeynep_MV_Bremerhagen_AOE,polygon,2016-05,15,-15.29453960473991
20220209_Bremerhagen_3_AOE,polygon,2016-05,15,-15.896011928231033
20171016_EW_WW_Campus_AOE,ring,2016-05,15,-15.230048517837316
20171114_EW_WW_Bachsee_north_AOE,ring,2016-05,15,-14.42586803252879
2017_Xavier_BB_Eberswalde_UAV_AOE,ring,2016-05,15,-14.950390311501756
20210706_EW_WW_Kaufland_AOE,ring,2016-05,15,-15.764941076961149
20220226_EW_WW_Campus_Oberheide_AOE,ring,2016-05,15,-15.192245914734814
2022_Zeynep_BB_Eberswalde_UAV_AOE,ring,2016-05,15,-15.229127455517382
20220212_Barnekow_3_AOE,ring,2016-05,15,-15.297677288213603
20220212_Barnekow_5_AOE,ring,2016-05,15,-15.5981098742171
2022_Zeynep_MV_Barnekow_AOE,ring,2016-05,15,-15.401719622535303
2022_Zeynep_MV_Bremerhagen_AOE,ring,2016-05,15,-15.33078002791598
20220209_Bremerhagen_3_AOE,ring,2016-05,15,-15.321614877957476
20171016_EW_WW_Campus_AOE,polygon,2016-06,13,-14.833785776934956
20171114_EW_WW_Bachsee_north_AOE,polygon,2016-06,13,-13.971247939833225
2017_Xavier_BB_Eberswalde_UAV_AOE,polygon,2016-06,13,-14.460178743016703
20210706_EW_WW_Kaufland_AOE,polygon,2016-06,13,-15.249093072507847
20220226_EW_WW_Campus_Oberheide_AOE,polygon,2016-06,13,-14.795787630640925
2022_Zeynep_BB_Eberswalde_UAV_AOE,polygon,2016-06,13,-14.981976660061225
20220212_Barnekow_3_AOE,polygon,2016-06,13,-15.60756600287362
20220212_Barnekow_5_AOE,polygon,2016-06,13,-15.239414209172029
2022_Zeynep_MV_Barnekow_AOE,polygon,2016-06,13,-14.974260987382745
2022_Zeynep_MV_Bremerhagen_AOE,polygon,2016-06,13,-14.898235951042876
20220209_Bremerhagen_3_AOE,polygon,2016-06,13,-14.895992987019467
20171016_EW_WW_Campus_AOE,ring,2016-06,13,-15.525265477571361
20171114_EW_WW_Bachsee_north_AOE,ring,2016-06,13,-14.116559846083296
2017_Xavier_BB_Eberswalde_UAV_AOE,ring,2016-06,13,-15.01719474611132
20210706_EW_WW_Kaufland_AOE,ring,2016-06,13,-16.352850756892465
20220226_EW_WW_Campus_Oberheide_AOE,ring,2016-06,13,-15.434828279726359
2022_Zeynep_BB_Eberswalde_UAV_AOE,ring,2016-06,13,-15.41322945483701
20220212_Barnekow_3_AOE,ring,2016-06,13,-14.976539443464635
20220212_Barnekow_5_AOE,ring,2016-06,13,-15.274521272369743
2022_Zeynep_MV_Barnekow_AOE,ring,2016-06,13,-15.119980663743751
2022_Zeynep_MV_Bremerhagen_AOE,ring,2016-06,13,-15.087283493529165
20220209_Bremerhagen_3_AOE,ring,2016-06,13,-14.972609428605615
20171016_EW_WW_Campus_AOE,polygon,2016-07,18,-15.385852428316523
20171114_EW_WW_Bachsee_north_AOE,polygon,2016-07,18,-14.214648822391569
2017_Xavier_BB_Eberswalde_UAV_AOE,polygon,2016-07,18,-14.833485793429954
20210706_EW_WW_Kaufland_AOE,polygon,2016-07,18,-15.315686436786613
20220226_EW_WW_Campus_Oberheide_AOE,polygon,2016-07,18,-15.284657723796629
2022_Zeynep_BB_Eberswalde_UAV_AOE,polygon,2016-07,18,-15.494590281759498
20220212_Barnekow_3_AOE,polygon,2016-07,18,-15.518416284046337
20220212_Barnekow_5_AOE,polygon,2016-07,18,-15.05560988978471
2022_Zeynep_MV_Barnekow_AOE,polygon,2016-07,18,-15.141509598359912
2022_Zeynep_MV_Bremerhagen_AOE,polygon,2016-07,18,-14.896460368628203
20220209_Bremerhagen_3_AOE,polygon,2016-07,18,-15.592427395264668
20171016_EW_WW_Campus_AOE,ring,2016-07,18,-15.932369258765533
20171114_EW_WW_Bachsee_north_AOE,ring,2016-07,18,-14.175778624395358
2017_Xavier_BB_Eberswalde_UAV_AOE,ring,2016-07,18,-15.240948339166515
20210706_EW_WW_Kaufland_AOE,ring,2016-07,18,-16.624240310457218
20220226_EW_WW_Campus_Oberheide_AOE,ring,2016-07,18,-15.834933263525592
2022_Zeynep_BB_Eberswalde_UAV_AOE,ring,2016-07,18,-15.747492347147423
20220212_Barnekow_3_AOE,ring,2016-07,18,-14.729991346171508
20220212_Barnekow_5_AOE,ring,2016-07,18,-14.998768647243036
2022_Zeynep_MV_Barnekow_AOE,ring,2016-07,18,-14.933042734172899
2022_Zeynep_MV_Bremerhagen_AOE,ring,2016-07,18,-14.941551624721289
20220209_Bremerhagen_3_AOE,ring,2016-07,18,-14.837979689974013
20171016_EW_WW_Campus_AOE,polygon,2016-08,22,-14.700438401074447
20171114_EW_WW_Bachsee_north_AOE,polygon,2016-08,22,-14.513812118344005
2017_Xavier_BB_Eberswalde_UAV_AOE,polygon,2016-08,22,-14.60840072974753
20210706_EW_WW_Kaufland_AOE,polygon,2016-08,22,-14.867847866781869
20220226_EW_WW_Campus_Oberheide_AOE,polygon,2016-08,22,-14.594912594869973
2022_Zeynep_BB_Eberswalde_UAV_AOE,polygon,2016-08,22,-14.922959986465274
20220212_Barnekow_3_AOE,polygon,2016-08,22,-15.871008930227894
20220212_Barnekow_5_AOE,polygon,2016-08,22,-15.683632609585143
2022_Zeynep_MV_Barnekow_AOE,polygon,2016-08,22,-15.59571224094493
2022_Zeynep_MV_Bremerhagen_AOE,polygon,2016-08,22,-15.526408110968385
20220209_Bremerhagen_3_AOE,polygon,2016-08,22,-15.637532639364716
20171016_EW_WW_Campus_AOE,ring,2016-08,22,-15.31777166164596
20171114_EW_WW_Bachsee_north_AOE,ring,2016-08,22,-14.593135295964444
2017_Xavier_BB_Eberswalde_UAV_AOE,ring,2016-08,22,-15.103457897931237
20210706_EW_WW_Kaufland_AOE,ring,2016-08,22,-16.034300992046596
20220226_EW_WW_Campus_Oberheide_AOE,ring,2016-08,22,-15.237077830160876
2022_Zeynep_BB_Eberswalde_UAV_AOE,ring,2016-08,22,-15.338569213556537
20220212_Barnekow_3_AOE,ring,2016-08,22,-15.278442536927088
20220212_Barnekow_5_AOE,ring,2016-08,22,-15.552370448939222
2022_Zeynep_MV_Barnekow_AOE,ring,2016-08,22,-15.45657814100257
2022_Zeynep_MV_Bremerhagen_AOE,ring,2016-08,22,-15.362192653541497
20220209_Bremerhagen_3_AOE,ring,2016-08,22,-15.31018507639523
20171016_EW_WW_Campus_AOE,polygon,2016-09,22,-15.137005534948246
20171114_EW_WW_Bachsee_north_AOE,polygon,2016-09,22,-14.591866885662295
2017_Xavier_BB_Eberswalde_UAV_AOE,polygon,2016-09,22,-14.878824160693782
20210706_EW_WW_Kaufland_AOE,polygon,2016-09,22,-15.36012674130294
20220226_EW_WW_Campus_Oberheide_AOE,polygon,2016-09,22,-15.162371814266148
2022_Zeynep_BB_Eberswalde_UAV_AOE,polygon,2016-09,22,-15.371782602021565
20220212_Barnekow_3_AOE,polygon,2016-09,22,-16.16218550146734
20220212_Barnekow_5_AOE,polygon,2016-09,22,-16.00123295140995
2022_Zeynep_MV_Barnekow_AOE,polygon,2016-09,22,-16.0190357509669
2022_Zeynep_MV_Bremerhagen_AOE,polygon,2016-09,22,-15.786935056742738
20220209_Bremerhagen_3_AOE,polygon,2016-09,22,-16.168019216924364
20171016_EW_WW_Campus_AOE,ring,2016-09,22,-15.903424456502357
20171114_EW_WW_Bachsee_north_AOE,ring,2016-09,22,-14.624535557824457
2017_Xavier_BB_Eberswalde_UAV_AOE,ring,2016-09,22,-15.422149463969854
20210706_EW_WW_Kaufland_AOE,ring,2016-09,22,-16.559522857349346
20220226_EW_WW_Campus_Oberheide_AOE,ring,2016-09,22,-15.823900744803149
2022_Zeynep_BB_Eberswalde_UAV_AOE,ring,2016-09,22,-15.843522017362647
20220212_Barnekow_3_AOE,ring,2016-09,22,-15.513891116368026
20220212_Barnekow_5_AOE,ring,2016-09,22,-15.725878418712254
2022_Zeynep_MV_Barnekow_AOE,ring,2016-09,22,-15.651776144828576
2022_Zeynep_MV_Bremerhagen_AOE,ring,2016-09,22,-15.512405193331992
20220209_Bremerhagen_3_AOE,ring,2016-09,22,-15.496950420791622
20171016_EW_WW_Campus_AOE,polygon,2016-10,42,-15.149699906329756
20171114_EW_WW_Bachsee_north_AOE,polygon,2016-10,42,-14.654776499039063
2017_Xavier_BB_Eberswalde_UAV_AOE,polygon,2016-10,42,-14.895586978224706
20210706_EW_WW_Kaufland_AOE,polygon,2016-10,42,-15.213213843684397
20220226_EW_WW_Campus_Oberheide_AOE,polygon,2016-10,42,-15.095203951778892
2022_Zeynep_BB_Eberswalde_UAV_AOE,polygon,2016-10,42,-15.273719593665742
20220212_Barnekow_3_AOE,polygon,2016-10,42,-16.377431219101826
20220212_Barnekow_5_AOE,polygon,2016-10,42,-16.143021532156517
2022_Zeynep_MV_Barnekow_AOE,polygon,2016-10,42,-16.124634220094993
2022_Zeynep_MV_Bremerhagen_AOE,polygon,2016-10,42,-16.11835389774503
20220209_Bremerhagen_3_AOE,polygon,2016-10,42,-16.058139917287637
20171016_EW_WW_Campus_AOE,ring,2016-10,42,-15.630051768454639
20171114_EW_WW_Bachsee_north_AOE,ring,2016-10,42,-14.68748829278592
2017_Xavier_BB_Eberswalde_UAV_AOE,ring,2016-10,42,-15.284232252471293
20210706_EW_WW_Kaufland_AOE,ring,2016-10,42,-16.202992501997986
20220226_EW_WW_Campus_Oberheide_AOE,ring,2016-10,42,-15.528128502477543
2022_Zeynep_BB_Eberswalde_UAV_AOE,ring,2016-10,42,-15.610772715813392
20220212_Barnekow_3_AOE,ring,2016-10,42,-15.734070588898444
20220212_Barnekow_5_AOE,ring,2016-10,42,-15.832598033229798
2022_Zeynep_MV_Barnekow_AOE,ring,2016-10,42,-15.812161366575973
2022_Zeynep_MV_Bremerhagen_AOE,ring,2016-10,42,-15.691737824532964
20220209_Bremerhagen_3_AOE,ring,2016-10,42,-15.685362139718185
20171016_EW_WW_Campus_AOE,polygon,2016-11,27,-14.841453162377498
20171114_EW_WW_Bachsee_north_AOE,polygon,2016-11,27,-13.42280221230989
2017_Xavier_BB_Eberswalde_UAV_AOE,polygon,2016-11,27,-14.265223802164838
20210706_EW_WW_Kaufland_AOE,polygon,2016-11,27,-14.70677683262687
20220226_EW_WW_Campus_Oberheide_AOE,polygon,2016-11,27,-14.999960373983908
2022_Zeynep_BB_Eberswalde_UAV_AOE,polygon,2016-11,27,-15.14970775148663
20220212_Barnekow_3_AOE,polygon,2016-11,27,-16.901391923678116
20220212_Barnekow_5_AOE,polygon,2016-11,27,-16.456163533403423
2022_Zeynep_MV_Barnekow_AOE,polygon,2016-11,27,-16.48973973417975
2022_Zeynep_MV_Bremerhagen_AOE,polygon,2016-11,27,-16.626487845049372
20220209_Bremerhagen_3_AOE,polygon,2016-11,27,-17.112399624440698
20171016_EW_WW_Campus_AOE,ring,2016-11,27,-15.371410548563146
20171114_EW_WW_Bachsee_north_AOE,ring,2016-11,27,-14.05635091466902
2017_Xavier_BB_Eberswalde_UAV_AOE,ring,2016-11,27,-14.840626686255701
20210706_EW_WW_Kaufland_AOE,ring,2016-11,27,-15.868570675913972
20220226_EW_WW_Campus_Oberheide_AOE,ring,2016-11,27,-15.317054716850848
2022_Zeynep_BB_Eberswalde_UAV_AOE,ring,2016-11,27,-15.44113012504502
20220212_Barnekow_3_AOE,ring,2016-11,27,-15.657103860767378
20220212_Barnekow_5_AOE,ring,2016-11,27,-15.747287635288771
2022_Zeynep_MV_Barnekow_AOE,ring,2016-11,27,-15.65675455797474
2022_Zeynep_MV_Bremerhagen_AOE,ring,2016-11,27,-15.435127182356599
20220209_Bremerhagen_3_AOE,ring,2016-11,27,-15.568902953928092
20171016_EW_WW_Campus_AOE,polygon,2016-12,31,-14.717261164732129
20171114_EW_WW_Bachsee_north_AOE,polygon,2016-12,31,-13.843902419287723
2017_Xavier_BB_Eberswalde_UAV_AOE,polygon,2016-12,31,-14.309730422702874
20210706_EW_WW_Kaufland_AOE,polygon,2016-12,31,-14.642390590216309
20220226_EW_WW_Campus_Oberheide_AOE,polygon,2016-12,31,-14.970332283557397
2022_Zeynep_BB_Eberswalde_UAV_AOE,polygon,2016-12,31,-15.1418265372812
20220212_Barnekow_3_AOE,polygon,2016-12,31,-17.076176753160176
20220212_Barnekow_5_AOE,polygon,2016-12,31,-16.766553108009294
2022_Zeynep_MV_Barnekow_AOE,polygon,2016-12,31,-16.59526514414097
2022_Zeynep_MV_Bremerhagen_AOE,polygon,2016-12,31,-16.595087629269415
20220209_Bremerhagen_3_AOE,polygon,2016-12,31,-16.950429306239144
20171016_EW_WW_Campus_AOE,ring,2016-12,31,-15.385713623036787
20171114_EW_WW_Bachsee_north_AOE,ring,2016-12,31,-14.35948031355101
2017_Xavier_BB_Eberswalde_UAV_AOE,ring,2016-12,31,-15.020209146800367
20210706_EW_WW_Kaufland_AOE,ring,2016-12,31,-16.111127110182487
20220226_EW_WW_Campus_Oberheide_AOE,ring,2016-12,31,-15.376648018296343
2022_Zeynep_BB_Eberswalde_UAV_AOE,ring,2016-12,31,-15.60989420246202
20220212_Barnekow_3_AOE,ring,2016-12,31,-15.438486195715479
20220212_Barnekow_5_AOE,ring,2016-12,31,-15.617138663060153
2022_Zeynep_MV_Barnekow_AOE,ring,2016-12,31,-15.4487840343899
2022_Zeynep_MV_Bremerhagen_AOE,ring,2016-12,31,-15.24162682726323
20220209_Bremerhagen_3_AOE,ring,2016-12,31,-15.387367269063422
20171016_EW_WW_Campus_AOE,polygon,2017-01,37,-15.699011027667025
20171114_EW_WW_Bachsee_north_AOE,polygon,2017-01,37,-14.576571568849454
2017_Xavier_BB_Eberswalde_UAV_AOE,polygon,2017-01,37,-15.231573768071655
20210706_EW_WW_Kaufland_AOE,polygon,2017-01,37,-15.499300244840976
20220226_EW_WW_Campus_Oberheide_AOE,polygon,2017-01,37,-15.928735684144543
2022_Zeynep_BB_Eberswalde_UAV_AOE,polygon,2017-01,37,-16.0435727073133
20220212_Barnekow_3_AOE,polygon,2017-01,37,-17.55651948646772
20220212_Barnekow_5_AOE,polygon,2017-01,37,-17.708566776590327
2022_Zeynep_MV_Barnekow_AOE,polygon,2017-01,37,-17.472386128125258
2022_Zeynep_MV_Bremerhagen_AOE,polygon,2017-01,37,-17.652241608540404
20220209_Bremerhagen_3_AOE,polygon,2017-01,37,-17.74116184451313
20171016_EW_WW_Campus_AOE,ring,2017-01,37,-16.250810630017916
20171114_EW_WW_Bachsee_north_AOE,ring,2017-01,37,-15.141121131262754
2017_Xavier_BB_Eberswalde_UAV_AOE,ring,2017-01,37,-15.817130068075581
20210706_EW_WW_Kaufland_AOE,ring,2017-01,37,-16.768743015607487
20220226_EW_WW_Campus_Oberheide_AOE,ring,2017-01,37,-16.221723420986706
2022_Zeynep_BB_Eberswalde_UAV_AOE,ring,2017-01,37,-16.38351305583305
20220212_Barnekow_3_AOE,ring,2017-01,37,-16.430181468219075
20220212_Barnekow_5_AOE,ring,2017-01,37,-16.61706373728474
2022_Zeynep_MV_Barnekow_AOE,ring,2017-01,37,-16.41691576371335
2022_Zeynep_MV_Bremerhagen_AOE,ring,2017-01,37,-16.298173036414543
20220209_Bremerhagen_3_AOE,ring,2017-01,37,-16.429819115765245
20171016_EW_WW_Campus_AOE,polygon,2017-02,39,-14.79075725853985
20171114_EW_WW_Bachsee_north_AOE,polygon,2017-02,39,-14.018321098374688
2017_Xavier_BB_Eberswalde_UAV_AOE,polygon,2017-02,39,-14.44512047774552
20210706_EW_WW_Kaufland_AOE,polygon,2017-02,39,-14.652292802984197
20220226_EW_WW_Campus_Oberheide_AOE,polygon,2017-02,39,-14.974539231210738
2022_Zeynep_BB_Eberswalde_UAV_AOE,polygon,2017-02,39,-15.11396357705531
20220212_Barnekow_3_AOE,polygon,2017-02,39,-17.117940491842774
20220212_Barnekow_5_AOE,polygon,2017-02,39,-17.02597960788346
2022_Zeynep_MV_Barnekow_AOE,polygon,2017-02,39,-17.028223938025327
2022_Zeynep_MV_Bremerhagen_AOE,polygon,2017-02,39,-17.027289145147886
20220209_Bremerhagen_3_AOE,polygon,2017-02,39,-17.394139859567538
20171016_EW_WW_Campus_AOE,ring,2017-02,39,-15.269966469918616
20171114_EW_WW_Bachsee_north_AOE,ring,2017-02,39,-14.542880992244973
2017_Xavier_BB_Eberswalde_UAV_AOE,ring,2017-02,39,-15.042851782147697
20210706_EW_WW_Kaufland_AOE,ring,2017-02,39,-15.94904975542682
20220226_EW_WW_Campus_Oberheide_AOE,ring,2017-02,39,-15.241580417455001
2022_Zeynep_BB_Eberswalde_UAV_AOE,ring,2017-02,39,-15.511797665948407
20220212_Barnekow_3_AOE,ring,2017-02,39,-16.02284576272523
20220212_Barnekow_5_AOE,ring,2017-02,39,-16.170656442753863
2022_Zeynep_MV_Barnekow_AOE,ring,2017-02,39,-16.012913781979552
2022_Zeynep_MV_Bremerhagen_AOE,ring,2017-02,39,-15.695725843853765
20220209_Bremerhagen_3_AOE,ring,2017-02,39,-15.8645884605031
20171016_EW_WW_Campus_AOE,polygon,2017-03,40,-14.181174541631314
20171114_EW_WW_Bachsee_north_AOE,polygon,2017-03,40,-13.172238246044047
2017_Xavier_BB_Eberswalde_UAV_AOE,polygon,2017-03,40,-13.750868006128107
20210706_EW_WW_Kaufland_AOE,polygon,2017-03,40,-14.598324245363843
20220226_EW_WW_Campus_Oberheide_AOE,polygon,2017-03,40,-14.376849387028843
2022_Zeynep_BB_Eberswalde_UAV_AOE,polygon,2017-03,40,-14.44761290178965
20220212_Barnekow_3_AOE,polygon,2017-03,40,-16.565429879906308
20220212_Barnekow_5_AOE,polygon,2017-03,40,-16.248697101237664
2022_Zeynep_MV_Barnekow_AOE,polygon,2017-03,40,-16.260649013552193
2022_Zeynep_MV_Bremerhagen_AOE,polygon,2017-03,40,-16.222710677281782
20220209_Bremerhagen_3_AOE,polygon,2017-03,40,-17.00697902400065
20171016_EW_WW_Campus_AOE,ring,2017-03,40,-14.620352310247526
20171114_EW_WW_Bachsee_north_AOE,ring,2017-03,40,-13.629626177074066
2017_Xavier_BB_Eberswalde_UAV_AOE,ring,2017-03,40,-14.26960735272476
20210706_EW_WW_Kaufland_AOE,ring,2017-03,40,-15.277338426404691
20220226_EW_WW_Campus_Oberheide_AOE,ring,2017-03,40,-14.60596759935908
2022_Zeynep_BB_Eberswalde_UAV_AOE,ring,2017-03,40,-14.687895234680463
20220212_Barnekow_3_AOE,ring,2017-03,40,-15.3328706454499
20220212_Barnekow_5_AOE,ring,2017-03,40,-15.485599610479348
2022_Zeynep_MV_Barnekow_AOE,ring,2017-03,40,-15.281920689564958
2022_Zeynep_MV_Bremerhagen_AOE,ring,2017-03,40,-14.93723721779238
20220209_Bremerhagen_3_AOE,ring,2017-03,40,-15.05850830674096
20171016_EW_WW_Campus_AOE,polygon,2017-04,39,-14.207112662200961
20171114_EW_WW_Bachsee_north_AOE,polygon,2017-04,39,-13.39845359435814
2017_Xavier_BB_Eberswalde_UAV_AOE,polygon,2017-04,39,-13.860029828492111
20210706_EW_WW_Kaufland_AOE,polygon,2017-04,39,-14.203574552815637
20220226_EW_WW_Campus_Oberheide_AOE,polygon,2017-04,39,-14.353426102962718
2022_Zeynep_BB_Eberswalde_UAV_AOE,polygon,2017-04,39,-14.458401587017038
20220212_Barnekow_3_AOE,polygon,2017-04,39,-16.633726113293267
20220212_Barnekow_5_AOE,polygon,2017-04,39,-16.352386313825424
2022_Zeynep_MV_Barnekow_AOE,polygon,2017-04,39,-16.21457968572426
2022_Zeynep_MV_Bremerhagen_AOE,polygon,2017-04,39,-16.03628598797554
20220209_Bremerhagen_3_AOE,polygon,2017-04,39,-16.377529777367595
20171016_EW_WW_Campus_AOE,ring,2017-04,39,-14.656082150257127
20171114_EW_WW_Bachsee_north_AOE,ring,2017-04,39,-13.833019457497283
2017_Xavier_BB_Eberswalde_UAV_AOE,ring,2017-04,39,-14.411413777088413
20210706_EW_WW_Kaufland_AOE,ring,2017-04,39,-15.488324466894342
20220226_EW_WW_Campus_Oberheide_AOE,ring,2017-04,39,-14.587720331751374
2022_Zeynep_BB_Eberswalde_UAV_AOE,ring,2017-04,39,-14.819068716108573
20220212_Barnekow_3_AOE,ring,2017-04,39,-15.28314775110043
20220212_Barnekow_5_AOE,ring,2017-04,39,-15.470235209106825
2022_Zeynep_MV_Barnekow_AOE,ring,2017-04,39,-15.260360526845425
2022_Zeynep_MV_Bremerhagen_AOE,ring,2017-04,39,-14.825413229396288
20220209_Bremerhagen_3_AOE,ring,2017-04,39,-14.946301284765266
20171016_EW_WW_Campus_AOE,polygon,2017-05,41,-15.134568559821977
20171114_EW_WW_Bachsee_north_AOE,polygon,2017-05,41,-14.175322359488066
2017_Xavier_BB_Eberswalde_UAV_AOE,polygon,2017-05,41,-14.682630209997479
20210706_EW_WW_Kaufland_AOE,polygon,2017-05,41,-14.747526628722024
20220226_EW_WW_Campus_Oberheide_AOE,polygon,2017-05,41,-14.919998334963266
2022_Zeynep_BB_Eberswalde_UAV_AOE,polygon,2017-05,41,-14.9628841161806
20220212_Barnekow_3_AOE,polygon,2017-05,41,-15.969152021258573
20220212_Barnekow_5_AOE,polygon,2017-05,41,-15.703180280574907
2022_Zeynep_MV_Barnekow_AOE,polygon,2017-05,41,-15.663980857341123
2022_Zeynep_MV_Bremerhagen_AOE,polygon,2017-05,41,-15.538320390570025
20220209_Bremerhagen_3_AOE,polygon,2017-05,41,-15.96010014739539
20171016_EW_WW_Campus_AOE,ring,2017-05,41,-15.177061373676654
20171114_EW_WW_Bachsee_north_AOE,ring,2017-05,41,-14.20053785983692
2017_Xavier_BB_Eberswalde_UAV_AOE,ring,2017-05,41,-14.79881252163669
20210706_EW_WW_Kaufland_AOE,ring,2017-05,41,-15.708104739954615
20220226_EW_WW_Campus_Oberheide_AOE,ring,2017-05,41,-15.080619339364636
2022_Zeynep_BB_Eberswalde_UAV_AOE,ring,2017-05,41,-15.071047493473857
20220212_Barnekow_3_AOE,ring,2017-05,41,-15.046644942612705
20220212_Barnekow_5_AOE,ring,2017-05,41,-15.278169666241135
2022_Zeynep_MV_Barnekow_AOE,ring,2017-05,41,-15.144558525206325
2022_Zeynep_MV_Bremerhagen_AOE,ring,2017-05,41,-15.054800345508614
20220209_Bremerhagen_3_AOE,ring,2017-05,41,-15.132630206151306
20171016_EW_WW_Campus_AOE,polygon,2017-06,40,-15.780553450739767
20171114_EW_WW_Bachsee_north_AOE,polygon,2017-06,40,-14.80827893248324
2017_Xavier_BB_Eberswalde_UAV_AOE,polygon,2017-06,40,-15.296823828093787
20210706_EW_WW_Kaufland_AOE,polygon,2017-06,40,-15.501340574719958
20220226_EW_WW_Campus_Oberheide_AOE,polygon,2017-06,40,-15.439509255108966
2022_Zeynep_BB_Eberswalde_UAV_AOE,polygon,2017-06,40,-15.496192251584894
20220212_Barnekow_3_AOE,polygon,2017-06,40,-15.327028529077465
20220212_Barnekow_5_AOE,polygon,2017-06,40,-15.08569440869607
2022_Zeynep_MV_Barnekow_AOE,polygon,2017-06,40,-15.118532804737319
2022_Zeynep_MV_Bremerhagen_AOE,polygon,2017-06,40,-14.988574405938246
20220209_Bremerhagen_3_AOE,polygon,2017-06,40,-14.8757373199394
20171016_EW_WW_Campus_AOE,ring,2017-06,40,-15.69134419421384
20171114_EW_WW_Bachsee_north_AOE,ring,2017-06,40,-14.623029009989683
2017_Xavier_BB_Eberswalde_UAV_AOE,ring,2017-06,40,-15.261783559346041
20210706_EW_WW_Kaufland_AOE,ring,2017-06,40,-16.099581837687698
20220226_EW_WW_Campus_Oberheide_AOE,ring,2017-06,40,-15.586210044182335
2022_Zeynep_BB_Eberswalde_UAV_AOE,ring,2017-06,40,-15.480897662768156
20220212_Barnekow_3_AOE,ring,2017-06,40,-14.904002714519647
20220212_Barnekow_5_AOE,ring,2017-06,40,-15.173409847530113
2022_Zeynep_MV_Barnekow_AOE,ring,2017-06,40,-15.098365778902567
2022_Zeynep_MV_Bremerhagen_AOE,ring,2017-06,40,-15.058860345610379
20220209_Bremerhagen_3_AOE,ring,2017-06,40,-14.948244980030497
20171016_EW_WW_Campus_AOE,polygon,2017-07,42,-15.537017349256757
20171114_EW_WW_Bachsee_north_AOE,polygon,2017-07,42,-14.483070395038267
2017_Xavier_BB_Eberswalde_UAV_AOE,polygon,2017-07,42,-15.065737644100425
20210706_EW_WW_Kaufland_AOE,polygon,2017-07,42,-15.491526989578679
20220226_EW_WW_Campus_Oberheide_AOE,polygon,2017-07,42,-15.309258821905745
2022_Zeynep_BB_Eberswalde_UAV_AOE,polygon,2017-07,42,-15.359015594638986
20220212_Barnekow_3_AOE,polygon,2017-07,42,-15.255301285961359
20220212_Barnekow_5_AOE,polygon,2017-07,42,-14.919517825406048
2022_Zeynep_MV_Barnekow_AOE,polygon,2017-07,42,-15.020960835480032
2022_Zeynep_MV_Bremerhagen_AOE,polygon,2017-07,42,-14.929850492612324
20220209_Bremerhagen_3_AOE,polygon,2017-07,42,-15.148144505741596
20171016_EW_WW_Campus_AOE,ring,2017-07,42,-15.550278840733482
20171114_EW_WW_Bachsee_north_AOE,ring,2017-07,42,-14.436457746105463
2017_Xavier_BB_Eberswalde_UAV_AOE,ring,2017-07,42,-15.123405794926663
20210706_EW_WW_Kaufland_AOE,ring,2017-07,42,-16.07281817532062
20220226_EW_WW_Campus_Oberheide_AOE,ring,2017-07,42,-15.473583971535543
2022_Zeynep_BB_Eberswalde_UAV_AOE,ring,2017-07,42,-15.382125228539385
20220212_Barnekow_3_AOE,ring,2017-07,42,-14.747096402714272
20220212_Barnekow_5_AOE,ring,2017-07,42,-14.988941503455852
2022_Zeynep_MV_Barnekow_AOE,ring,2017-07,42,-14.958794622986801
2022_Zeynep_MV_Bremerhagen_AOE,ring,2017-07,42,-14.996662031774656
20220209_Bremerhagen_3_AOE,ring,2017-07,42,-14.883751711577867
20171016_EW_WW_Campus_AOE,polygon,2017-08,41,-15.84012750454144
20171114_EW_WW_Bachsee_north_AOE,polygon,2017-08,41,-14.681598626559184
2017_Xavier_BB_Eberswalde_UAV_AOE,polygon,2017-08,41,-15.307009518941015
20210706_EW_WW_Kaufland_AOE,polygon,2017-08,41,-16.015320094237286
20220226_EW_WW_Campus_Oberheide_AOE,polygon,2017-08,41,-15.551310380386925
2022_Zeynep_BB_Eberswalde_UAV_AOE,polygon,2017-08,41,-15.659788447401247
20220212_Barnekow_3_AOE,polygon,2017-08,41,-15.589454828466586
20220212_Barnekow_5_AOE,polygon,2017-08,41,-15.129029963847895
2022_Zeynep_MV_Barnekow_AOE,polygon,2017-08,41,-15.289646131180902
2022_Zeynep_MV_Bremerhagen_AOE,polygon,2017-08,41,-15.203063220073071
20220209_Bremerhagen_3_AOE,polygon,2017-08,41,-14.898244276846698
20171016_EW_WW_Campus_AOE,ring,2017-08,41,-15.85808051392212
20171114_EW_WW_Bachsee_north_AOE,ring,2017-08,41,-14.533917053653365
2017_Xavier_BB_Eberswalde_UAV_AOE,ring,2017-08,41,-15.30177061452989
20210706_EW_WW_Kaufland_AOE,ring,2017-08,41,-16.232190033174223
20220226_EW_WW_Campus_Oberheide_AOE,ring,2017-08,41,-15.743480027055462
2022_Zeynep_BB_Eberswalde_UAV_AOE,ring,2017-08,41,-15.614562284292417
20220212_Barnekow_3_AOE,ring,2017-08,41,-14.969293829225819
20220212_Barnekow_5_AOE,ring,2017-08,41,-15.21382635310942
2022_Zeynep_MV_Barnekow_AOE,ring,2017-08,41,-15.209217929362556
2022_Zeynep_MV_Bremerhagen_AOE,ring,2017-08,41,-15.206657136340588
20220209_Bremerhagen_3_AOE,ring,2017-08,41,-15.135895087730143
20171016_EW_WW_Campus_AOE,polygon,2017-09,40,-16.001968212437994
20171114_EW_WW_Bachsee_north_AOE,polygon,2017-09,40,-14.903694538336286
2017_Xavier_BB_Eberswalde_UAV_AOE,polygon,2017-09,40,-15.515734514291022
20210706_EW_WW_Kaufland_AOE,polygon,2017-09,40,-15.813229052845433
20220226_EW_WW_Campus_Oberheide_AOE,polygon,2017-09,40,-15.866133156632454
2022_Zeynep_BB_Eberswalde_UAV_AOE,polygon,2017-09,40,-15.875605733376428
20220212_Barnekow_3_AOE,polygon,2017-09,40,-16.116848485361686
20220212_Barnekow_5_AOE,polygon,2017-09,40,-15.6734586533437
2022_Zeynep_MV_Barnekow_AOE,polygon,2017-09,40,-15.736051133306797
2022_Zeynep_MV_Bremerhagen_AOE,polygon,2017-09,40,-15.761639137496356
20220209_Bremerhagen_3_AOE,polygon,2017-09,40,-15.982731060893952
20171016_EW_WW_Campus_AOE,ring,2017-09,40,-16.06534543059598
20171114_EW_WW_Bachsee_north_AOE,ring,2017-09,40,-14.88326755047081
2017_Xavier_BB_Eberswalde_UAV_AOE,ring,2017-09,40,-15.547747402895308
20210706_EW_WW_Kaufland_AOE,ring,2017-09,40,-16.331608864053056
20220226_EW_WW_Campus_Oberheide_AOE,ring,2017-09,40,-15.973402713068342
2022_Zeynep_BB_Eberswalde_UAV_AOE,ring,2017-09,40,-15.809694842173982
20220212_Barnekow_3_AOE,ring,2017-09,40,-15.4415303710825
20220212_Barnekow_5_AOE,ring,2017-09,40,-15.615306605319445
2022_Zeynep_MV_Barnekow_AOE,ring,2017-09,40,-15.621816100407274
2022_Zeynep_MV_Bremerhagen_AOE,ring,2017-09,40,-15.644940286213947
20220209_Bremerhagen_3_AOE,ring,2017-09,40,-15.585571520703304
20171016_EW_WW_Campus_AOE,polygon,2017-10,41,-15.77703904549147
20171114_EW_WW_Bachsee_north_AOE,polygon,2017-10,41,-14.529822809576444
2017_Xavier_BB_Eberswalde_UAV_AOE,polygon,2017-10,41,-15.197132414633986
20210706_EW_WW_Kaufland_AOE,polygon,2017-10,41,-15.720166417343487
20220226_EW_WW_Campus_Oberheide_AOE,polygon,2017-10,41,-15.345844584002906
2022_Zeynep_BB_Eberswalde_UAV_AOE,polygon,2017-10,41,-15.409552582268237
20220212_Barnekow_3_AOE,polygon,2017-10,41,-15.924310417065827
20220212_Barnekow_5_AOE,polygon,2017-10,41,-15.50470684004035
2022_Zeynep_MV_Barnekow_AOE,polygon,2017-10,41,-15.545784448925195
2022_Zeynep_MV_Bremerhagen_AOE,polygon,2017-10,41,-15.627458434906158
20220209_Bremerhagen_3_AOE,polygon,2017-10,41,-15.493814015500853
20171016_EW_WW_Campus_AOE,ring,2017-10,41,-15.563934385123266
20171114_EW_WW_Bachsee_north_AOE,ring,2017-10,41,-14.463158590520846
2017_Xavier_BB_Eberswalde_UAV_AOE,ring,2017-10,41,-15.056294617467112
20210706_EW_WW_Kaufland_AOE,ring,2017-10,41,-15.670161700935855
20220226_EW_WW_Campus_Oberheide_AOE,ring,2017-10,41,-15.496056627530475
2022_Zeynep_BB_Eberswalde_UAV_AOE,ring,2017-10,41,-15.261955105419801
20220212_Barnekow_3_AOE,ring,2017-10,41,-15.225667802807367
20220212_Barnekow_5_AOE,ring,2017-10,41,-15.33342995922191
2022_Zeynep_MV_Barnekow_AOE,ring,2017-10,41,-15.301848356285284
2022_Zeynep_MV_Bremerhagen_AOE,ring,2017-10,41,-15.165615208432785
20220209_Bremerhagen_3_AOE,ring,2017-10,41,-15.210729458869201
20171016_EW_WW_Campus_AOE,polygon,2017-11,38,-15.03629765557582
20171114_EW_WW_Bachsee_north_AOE,polygon,2017-11,38,-13.62778187853125
2017_Xavier_BB_Eberswalde_UAV_AOE,polygon,2017-11,38,-14.38991824257709
20210706_EW_WW_Kaufland_AOE,polygon,2017-11,38,-15.02813440444097
20220226_EW_WW_Campus_Oberheide_AOE,polygon,2017-11,38,-14.650313877024516
2022_Zeynep_BB_Eberswalde_UAV_AOE,polygon,2017-11,38,-14.808711485806798
20220212_Barnekow_3_AOE,polygon,2017-11,38,-16.088103861347477
20220212_Barnekow_5_AOE,polygon,2017-11,38,-15.825988709644104
2022_Zeynep_MV_Barnekow_AOE,polygon,2017-11,38,-15.881090882793233
2022_Zeynep_MV_Bremerhagen_AOE,polygon,2017-11,38,-15.860518909534612
20220209_Bremerhagen_3_AOE,polygon,2017-11,38,-16.228636007532387
20171016_EW_WW_Campus_AOE,ring,2017-11,38,-14.843162413343096
20171114_EW_WW_Bachsee_north_AOE,ring,2017-11,38,-13.822747273402808
2017_Xavier_BB_Eberswalde_UAV_AOE,ring,2017-11,38,-14.454238267996947
20210706_EW_WW_Kaufland_AOE,ring,2017-11,38,-15.382247674523397
20220226_EW_WW_Campus_Oberheide_AOE,ring,2017-11,38,-14.801623349891287
2022_Zeynep_BB_Eberswalde_UAV_AOE,ring,2017-11,38,-14.879341277563194
20220212_Barnekow_3_AOE,ring,2017-11,38,-15.045210150363019
20220212_Barnekow_5_AOE,ring,2017-11,38,-15.163493371973205
2022_Zeynep_MV_Barnekow_AOE,ring,2017-11,38,-15.050477199820797
2022_Zeynep_MV_Bremerhagen_AOE,ring,2017-11,38,-14.765651503681623
20220209_Bremerhagen_3_AOE,ring,2017-11,38,-14.919800368383155
20171016_EW_WW_Campus_AOE,polygon,2017-12,42,-14.819322790673375
20171114_EW_WW_Bachsee_north_AOE,polygon,2017-12,42,-13.532755401056015
2017_Xavier_BB_Eberswalde_UAV_AOE,polygon,2017-12,42,-14.235666535988056
20210706_EW_WW_Kaufland_AOE,polygon,2017-12,42,-15.111202216880102
20220226_EW_WW_Campus_Oberheide_AOE,polygon,2017-12,42,-14.552434942640204
2022_Zeynep_BB_Eberswalde_UAV_AOE,polygon,2017-12,42,-14.737122851256684
20220212_Barnekow_3_AOE,polygon,2017-12,42,-16.204030577782884
20220212_Barnekow_5_AOE,polygon,2017-12,42,-16.253146333417654
2022_Zeynep_MV_Barnekow_AOE,polygon,2017-12,42,-16.129698875675512
2022_Zeynep_MV_Bremerhagen_AOE,polygon,2017-12,42,-16.207953995522807
20220209_Bremerhagen_3_AOE,polygon,2017-12,42,-16.208766410885442
20171016_EW_WW_Campus_AOE,ring,2017-12,42,-14.688127601665851
20171114_EW_WW_Bachsee_north_AOE,ring,2017-12,42,-13.866085382918511
2017_Xavier_BB_Eberswalde_UAV_AOE,ring,2017-12,42,-14.398264876497098
20210706_EW_WW_Kaufland_AOE,ring,2017-12,42,-15.24783089516086
20220226_EW_WW_Campus_Oberheide_AOE,ring,2017-12,42,-14.68261707410866
2022_Zeynep_BB_Eberswalde_UAV_AOE,ring,2017-12,42,-14.789869866319828
20220212_Barnekow_3_AOE,ring,2017-12,42,-15.134394071312196
20220212_Barnekow_5_AOE,ring,2017-12,42,-15.320879563565697
2022_Zeynep_MV_Barnekow_AOE,ring,2017-12,42,-15.124644293725527
2022_Zeynep_MV_Bremerhagen_AOE,ring,2017-12,42,-14.853977385197043
20220209_Bremerhagen_3_AOE,ring,2017-12,42,-15.051274302941533
20171016_EW_WW_Campus_AOE,polygon,2018-01,40,-14.77000950402709
20171114_EW_WW_Bachsee_north_AOE,polygon,2018-01,40,-13.364853474151765
2017_Xavier_BB_Eberswalde_UAV_AOE,polygon,2018-01,40,-14.113711299388504
20210706_EW_WW_Kaufland_AOE,polygon,2018-01,40,-14.764453403066018
20220226_EW_WW_Campus_Oberheide_AOE,polygon,2018-01,40,-14.482069053609345
2022_Zeynep_BB_Eberswalde_UAV_AOE,polygon,2018-01,40,-14.588632529354404
20220212_Barnekow_3_AOE,polygon,2018-01,40,-16.37116662221471
20220212_Barnekow_5_AOE,polygon,2018-01,40,-16.244498431134765
2022_Zeynep_MV_Barnekow_AOE,polygon,2018-01,40,-16.232949567905507
2022_Zeynep_MV_Bremerhagen_AOE,polygon,2018-01,40,-16.1844041137365
20220209_Bremerhagen_3_AOE,polygon,2018-01,40,-16.33675611951832
20171016_EW_WW_Campus_AOE,ring,2018-01,40,-14.57762575076673
20171114_EW_WW_Bachsee_north_AOE,ring,2018-01,40,-13.673994331574324
2017_Xavier_BB_Eberswalde_UAV_AOE,ring,2018-01,40,-14.23311030365263
20210706_EW_WW_Kaufland_AOE,ring,2018-01,40,-15.037087446603664
20220226_EW_WW_Campus_Oberheide_AOE,ring,2018-01,40,-14.551514141609147
2022_Zeynep_BB_Eberswalde_UAV_AOE,ring,2018-01,40,-14.648883554180912
20220212_Barnekow_3_AOE,ring,2018-01,40,-15.221027523730905
20220212_Barnekow_5_AOE,ring,2018-01,40,-15.403729903413668
2022_Zeynep_MV_Barnekow_AOE,ring,2018-01,40,-15.21231205419329
2022_Zeynep_MV_Bremerhagen_AOE,ring,2018-01,40,-14.890635950160679
20220209_Bremerhagen_3_AOE,ring,2018-01,40,-15.115461735290628
20171016_EW_WW_Campus_AOE,polygon,2018-02,38,-16.702177785345786
20171114_EW_WW_Bachsee_north_AOE,polygon,2018-02,38,-15.692932172759445
2017_Xavier_BB_Eberswalde_UAV_AOE,polygon,2018-02,38,-16.21842693821157
20210706_EW_WW_Kaufland_AOE,polygon,2018-02,38,-16.56329467993979
20220226_EW_WW_Campus_Oberheide_AOE,polygon,2018-02,38,-16.336893537416383
2022_Zeynep_BB_Eberswalde_UAV_AOE,polygon,2018-02,38,-16.42570880578712
20220212_Barnekow_3_AOE,polygon,2018-02,38,-17.647288844941563
20220212_Barnekow_5_AOE,polygon,2018-02,38,-17.350419684763573
2022_Zeynep_MV_Barnekow_AOE,polygon,2018-02,38,-17.382822973388816
2022_Zeynep_MV_Bremerhagen_AOE,polygon,2018-02,38,-17.52587305190571
20220209_Bremerhagen_3_AOE,polygon,2018-02,38,-18.263613608281386
20171016_EW_WW_Campus_AOE,ring,2018-02,38,-16.14667650354227
20171114_EW_WW_Bachsee_north_AOE,ring,2018-02,38,-15.70736354415308
2017_Xavier_BB_Eberswalde_UAV_AOE,ring,2018-02,38,-16.005518566627817
20210706_EW_WW_Kaufland_AOE,ring,2018-02,38,-16.640519333694566
20220226_EW_WW_Campus_Oberheide_AOE,ring,2018-02,38,-16.17022223773716
2022_Zeynep_BB_Eberswalde_UAV_AOE,ring,2018-02,38,-16.50399978998383
20220212_Barnekow_3_AOE,ring,2018-02,38,-16.451232507145484
20220212_Barnekow_5_AOE,ring,2018-02,38,-16.614330934172024
2022_Zeynep_MV_Barnekow_AOE,ring,2018-02,38,-16.45387602000857
2022_Zeynep_MV_Bremerhagen_AOE,ring,2018-02,38,-16.251931360795425
20220209_Bremerhagen_3_AOE,ring,2018-02,38,-16.404120012404583
20171016_EW_WW_Campus_AOE,polygon,2018-03,42,-15.681362972348351
20171114_EW_WW_Bachsee_north_AOE,polygon,2018-03,42,-14.463099143268286
2017_Xavier_BB_Eberswalde_UAV_AOE,polygon,2018-03,42,-15.150945815200561
20210706_EW_WW_Kaufland_AOE,polygon,2018-03,42,-15.487687733173862
20220226_EW_WW_Campus_Oberheide_AOE,polygon,2018-03,42,-15.131225501519962
2022_Zeynep_BB_Eberswalde_UAV_AOE,polygon,2018-03,42,-15.343958008395882
20220212_Barnekow_3_AOE,polygon,2018-03,42,-17.042242083236296
20220212_Barnekow_5_AOE,polygon,2018-03,42,-17.208730680412696
2022_Zeynep_MV_Barnekow_AOE,polygon,2018-03,42,-17.08684694097552
2022_Zeynep_MV_Bremerhagen_AOE,polygon,2018-03,42,-17.128987943736465
20220209_Bremerhagen_3_AOE,polygon,2018-03,42,-17.43340986461037
20171016_EW_WW_Campus_AOE,ring,2018-03,42,-15.206264916105319
20171114_EW_WW_Bachsee_north_AOE,ring,2018-03,42,-14.803835522880725
2017_Xavier_BB_Eberswalde_UAV_AOE,ring,2018-03,42,-15.108294163381625
20210706_EW_WW_Kaufland_AOE,ring,2018-03,42,-15.801230912764755
20220226_EW_WW_Campus_Oberheide_AOE,ring,2018-03,42,-15.237737295622763
2022_Zeynep_BB_Eberswalde_UAV_AOE,ring,2018-03,42,-15.447805478959632
20220212_Barnekow_3_AOE,ring,2018-03,42,-16.131978631323065
20220212_Barnekow_5_AOE,ring,2018-03,42,-16.333614926598973
2022_Zeynep_MV_Barnekow_AOE,ring,2018-03,42,-16.14557614065143
2022_Zeynep_MV_Bremerhagen_AOE,ring,2018-03,42,-15.907314051713511
20220209_Bremerhagen_3_AOE,ring,2018-03,42,-16.093063738026146
20171016_EW_WW_Campus_AOE,polygon,2018-04,40,-14.767570251885992
20171114_EW_WW_Bachsee_north_AOE,polygon,2018-04,40,-13.7527485959926
2017_Xavier_BB_Eberswalde_UAV_AOE,polygon,2018-04,40,-14.34024509296778
20210706_EW_WW_Kaufland_AOE,polygon,2018-04,40,-14.919368099874273
20220226_EW_WW_Campus_Oberheide_AOE,polygon,2018-04,40,-13.976341688739117
2022_Zeynep_BB_Eberswalde_UAV_AOE,polygon,2018-04,40,-14.161217434748393
20220212_Barnekow_3_AOE,polygon,2018-04,40,-16.26981644559627
20220212_Barnekow_5_AOE,polygon,2018-04,40,-15.830223626443049
2022_Zeynep_MV_Barnekow_AOE,polygon,2018-04,40,-15.854823722924904
2022_Zeynep_MV_Bremerhagen_AOE,polygon,2018-04,40,-15.756030572856945
20220209_Bremerhagen_3_AOE,polygon,2018-04,40,-16.287601113209057
20171016_EW_WW_Campus_AOE,ring,2018-04,40,-13.983314307855538
20171114_EW_WW_Bachsee_north_AOE,ring,2018-04,40,-13.754087624933145
2017_Xavier_BB_Eberswalde_UAV_AOE,ring,2018-04,40,-13.993033187523714
20210706_EW_WW_Kaufland_AOE,ring,2018-04,40,-14.643724852937073
20220226_EW_WW_Campus_Oberheide_AOE,ring,2018-04,40,-13.964248132368716
2022_Zeynep_BB_Eberswalde_UAV_AOE,ring,2018-04,40,-14.160691033506037
20220212_Barnekow_3_AOE,ring,2018-04,40,-14.930384469076904
20220212_Barnekow_5_AOE,ring,2018-04,40,-15.083589092719185
2022_Zeynep_MV_Barnekow_AOE,ring,2018-04,40,-14.896675025486415
2022_Zeynep_MV_Bremerhagen_AOE,ring,2018-04,40,-14.506280086137005
20220209_Bremerhagen_3_AOE,ring,2018-04,40,-14.707572269469086
20171016_EW_WW_Campus_AOE,polygon,2018-05,40,-16.06230823363812
20171114_EW_WW_Bachsee_north_AOE,polygon,2018-05,40,-15.33293590461943
2017_Xavier_BB_Eberswalde_UAV_AOE,polygon,2018-05,40,-15.809948445085857
20210706_EW_WW_Kaufland_AOE,polygon,2018-05,40,-15.932423921257893
20220226_EW_WW_Campus_Oberheide_AOE,polygon,2018-05,40,-15.228458591381317
2022_Zeynep_BB_Eberswalde_UAV_AOE,polygon,2018-05,40,-15.33840440052672
20220212_Barnekow_3_AOE,polygon,2018-05,40,-15.519636946290868
20220212_Barnekow_5_AOE,polygon,2018-05,40,-15.267032000357629
2022_Zeynep_MV_Barnekow_AOE,polygon,2018-05,40,-15.341346839255793
2022_Zeynep_MV_Bremerhagen_AOE,polygon,2018-05,40,-15.289300116797738
20220209_Bremerhagen_3_AOE,polygon,2018-05,40,-15.980486036646695
20171016_EW_WW_Campus_AOE,ring,2018-05,40,-15.201938899363741
20171114_EW_WW_Bachsee_north_AOE,ring,2018-05,40,-14.937177033591162
2017_Xavier_BB_Eberswalde_UAV_AOE,ring,2018-05,40,-15.131554418097824
20210706_EW_WW_Kaufland_AOE,ring,2018-05,40,-15.508800957319693
20220226_EW_WW_Campus_Oberheide_AOE,ring,2018-05,40,-15.183322769248399
2022_Zeynep_BB_Eberswalde_UAV_AOE,ring,2018-05,40,-15.09610605928825
20220212_Barnekow_3_AOE,ring,2018-05,40,-15.160968535146429
20220212_Barnekow_5_AOE,ring,2018-05,40,-15.382073563844296
2022_Zeynep_MV_Barnekow_AOE,ring,2018-05,40,-15.30628092364439
2022_Zeynep_MV_Bremerhagen_AOE,ring,2018-05,40,-15.266551349909397
20220209_Bremerhagen_3_AOE,ring,2018-05,40,-15.252970059176075
20171016_EW_WW_Campus_AOE,polygon,2018-06,40,-15.940305423010942
20171114_EW_WW_Bachsee_north_AOE,polygon,2018-06,40,-15.412563329830947
2017_Xavier_BB_Eberswalde_UAV_AOE,polygon,2018-06,40,-15.676539058140813
20210706_EW_WW_Kaufland_AOE,polygon,2018-06,40,-15.794538169393832
20220226_EW_WW_Campus_Oberheide_AOE,polygon,2018-06,40,-15.109708665609292
2022_Zeynep_BB_Eberswalde_UAV_AOE,polygon,2018-06,40,-15.297453956043302
20220212_Barnekow_3_AOE,polygon,2018-06,40,-15.635736897590801
20220212_Barnekow_5_AOE,polygon,2018-06,40,-15.237941393293896
2022_Zeynep_MV_Barnekow_AOE,polygon,2018-06,40,-15.252276991647074
2022_Zeynep_MV_Bremerhagen_AOE,polygon,2018-06,40,-14.932468828444511
20220209_Bremerhagen_3_AOE,polygon,2018-06,40,-15.387696905917444
20171016_EW_WW_Campus_AOE,ring,2018-06,40,-15.133214920213048
20171114_EW_WW_Bachsee_north_AOE,ring,2018-06,40,-14.907540505362734
2017_Xavier_BB_Eberswalde_UAV_AOE,ring,2018-06,40,-15.121999607059578
20210706_EW_WW_Kaufland_AOE,ring,2018-06,40,-15.673325609077143
20220226_EW_WW_Campus_Oberheide_AOE,ring,2018-06,40,-15.118136770254123
2022_Zeynep_BB_Eberswalde_UAV_AOE,ring,2018-06,40,-15.139021240354506
20220212_Barnekow_3_AOE,ring,2018-06,40,-15.071432072863304
20220212_Barnekow_5_AOE,ring,2018-06,40,-15.366886682817983
2022_Zeynep_MV_Barnekow_AOE,ring,2018-06,40,-15.30932515900806
2022_Zeynep_MV_Bremerhagen_AOE,ring,2018-06,40,-15.201054484866518
20220209_Bremerhagen_3_AOE,ring,2018-06,40,-15.08472249654686
20171016_EW_WW_Campus_AOE,polygon,2018-07,40,-16.267072919746116
20171114_EW_WW_Bachsee_north_AOE,polygon,2018-07,40,-15.334758396455591
2017_Xavier_BB_Eberswalde_UAV_AOE,polygon,2018-07,40,-15.900958356565217
20210706_EW_WW_Kaufland_AOE,polygon,2018-07,40,-16.249589782083426
20220226_EW_WW_Campus_Oberheide_AOE,polygon,2018-07,40,-15.305014690692708
2022_Zeynep_BB_Eberswalde_UAV_AOE,polygon,2018-07,40,-15.478623322934126
20220212_Barnekow_3_AOE,polygon,2018-07,40,-15.907060481631394
20220212_Barnekow_5_AOE,polygon,2018-07,40,-15.325614387730162
2022_Zeynep_MV_Barnekow_AOE,polygon,2018-07,40,-15.53813703542073
2022_Zeynep_MV_Bremerhagen_AOE,polygon,2018-07,40,-15.313181012532336
20220209_Bremerhagen_3_AOE,polygon,2018-07,40,-15.226168488068778
20171016_EW_WW_Campus_AOE,ring,2018-07,40,-15.201537616636989
20171114_EW_WW_Bachsee_north_AOE,ring,2018-07,40,-14.99917822138037
2017_Xavier_BB_Eberswalde_UAV_AOE,ring,2018-07,40,-15.188947971139571
20210706_EW_WW_Kaufland_AOE,ring,2018-07,40,-15.679593832918913
20220226_EW_WW_Campus_Oberheide_AOE,ring,2018-07,40,-15.184518261327732
2022_Zeynep_BB_Eberswalde_UAV_AOE,ring,2018-07,40,-15.204845152265761
20220212_Barnekow_3_AOE,ring,2018-07,40,-15.161503459121606
20220212_Barnekow_5_AOE,ring,2018-07,40,-15.420726689333868
2022_Zeynep_MV_Barnekow_AOE,ring,2018-07,40,-15.390968786446093
2022_Zeynep_MV_Bremerhagen_AOE,ring,2018-07,40,-15.32470813895226
20220209_Bremerhagen_3_AOE,ring,2018-07,40,-15.22471796638872
20171016_EW_WW_Campus_AOE,polygon,2018-08,84,-16.50206224652279
20171114_EW_WW_Bachsee_north_AOE,polygon,2018-08,84,-15.594791527097884
2017_Xavier_BB_Eberswalde_UAV_AOE,polygon,2018-08,84,-16.146221718666045
20210706_EW_WW_Kaufland_AOE,polygon,2018-08,84,-16.350374519088525
20220226_EW_WW_Campus_Oberheide_AOE,polygon,2018-08,84,-15.484294178165614
2022_Zeynep_BB_Eberswalde_UAV_AOE,polygon,2018-08,84,-15.635484457871963
20220212_Barnekow_3_AOE,polygon,2018-08,84,-16.099790947787355
20220212_Barnekow_5_AOE,polygon,2018-08,84,-15.75403129095931
2022_Zeynep_MV_Barnekow_AOE,polygon,2018-08,84,-15.793272713086601
2022_Zeynep_MV_Bremerhagen_AOE,polygon,2018-08,84,-15.703650737968726
20220209_Bremerhagen_3_AOE,polygon,2018-08,84,-15.821147127127302
20171016_EW_WW_Campus_AOE,ring,2018-08,84,-15.344322071113469
20171114_EW_WW_Bachsee_north_AOE,ring,2018-08,84,-15.122325758153204
2017_Xavier_BB_Eberswalde_UAV_AOE,ring,2018-08,84,-15.30103601733949
20210706_EW_WW_Kaufland_AOE,ring,2018-08,84,-15.721660189412367
20220226_EW_WW_Campus_Oberheide_AOE,ring,2018-08,84,-15.347722739156552
2022_Zeynep_BB_Eberswalde_UAV_AOE,ring,2018-08,84,-15.338959704509467
20220212_Barnekow_3_AOE,ring,2018-08,84,-15.451505936028946
20220212_Barnekow_5_AOE,ring,2018-08,84,-15.56689953362989
2022_Zeynep_MV_Barnekow_AOE,ring,2018-08,84,-15.660325400515944
2022_Zeynep_MV_Bremerhagen_AOE,ring,2018-08,84,-15.61270549919091
20220209_Bremerhagen_3_AOE,ring,2018-08,84,-15.537675878876696
20171016_EW_WW_Campus_AOE,polygon,2018-09,80,-16.831823721771308
20171114_EW_WW_Bachsee_north_AOE,polygon,2018-09,80,-16.192546614222874
2017_Xavier_BB_Eberswalde_UAV_AOE,polygon,2018-09,80,-16.553985754436276
20210706_EW_WW_Kaufland_AOE,polygon,2018-09,80,-16.540002638740965
20220226_EW_WW_Campus_Oberheide_AOE,polygon,2018-09,80,-15.960802204651666
2022_Zeynep_BB_Eberswalde_UAV_AOE,polygon,2018-09,80,-16.06798018995497
20220212_Barnekow_3_AOE,polygon,2018-09,80,-16.660128672151373
20220212_Barnekow_5_AOE,polygon,2018-09,80,-16.341263275794237
2022_Zeynep_MV_Barnekow_AOE,polygon,2018-09,80,-16.343168233724924
2022_Zeynep_MV_Bremerhagen_AOE,polygon,2018-09,80,-16.297377720221387
20220209_Bremerhagen_3_AOE,polygon,2018-09,80,-16.36877642303482
20171016_EW_WW_Campus_AOE,ring,2018-09,80,-15.705949664093286
20171114_EW_WW_Bachsee_north_AOE,ring,2018-09,80,-15.55713145220818
2017_Xavier_BB_Eberswalde_UAV_AOE,ring,2018-09,80,-15.700825687657535
20210706_EW_WW_Kaufland_AOE,ring,2018-09,80,-16.096556080473974
20220226_EW_WW_Campus_Oberheide_AOE,ring,2018-09,80,-15.73867149232387
2022_Zeynep_BB_Eberswalde_UAV_AOE,ring,2018-09,80,-15.737695302924577
20220212_Barnekow_3_AOE,ring,2018-09,80,-15.990704157596923
20220212_Barnekow_5_AOE,ring,2018-09,80,-16.09639321331899
2022_Zeynep_MV_Barnekow_AOE,ring,2018-09,80,-16.138917745782777
2022_Zeynep_MV_Bremerhagen_AOE,ring,2018-09,80,-16.067185746985295
20220209_Bremerhagen_3_AOE,ring,2018-09,80,-16.043227530506535
20171016_EW_WW_Campus_AOE,polygon,2018-10,78,-16.803303409071155
20171114_EW_WW_Bachsee_north_AOE,polygon,2018-10,78,-15.801475741388591
2017_Xavier_BB_Eberswalde_UAV_AOE,polygon,2018-10,78,-16.438300741759992
20210706_EW_WW_Kaufland_AOE,polygon,2018-10,78,-16.501935091047603
20220226_EW_WW_Campus_Oberheide_AOE,polygon,2018-10,78,-15.94209367430931
2022_Zeynep_BB_Eberswalde_UAV_AOE,polygon,2018-10,78,-16.063662110699042
20220212_Barnekow_3_AOE,polygon,2018-10,78,-16.64921161578244
20220212_Barnekow_5_AOE,polygon,2018-10,78,-16.397153290902285
2022_Zeynep_MV_Barnekow_AOE,polygon,2018-10,78,-16.492643224335357
2022_Zeynep_MV_Bremerhagen_AOE,polygon,2018-10,78,-16.57482936798026
20220209_Bremerhagen_3_AOE,polygon,2018-10,78,-16.747689009906136
20171016_EW_WW_Campus_AOE,ring,2018-10,78,-15.802790267076455
20171114_EW_WW_Bachsee_north_AOE,ring,2018-10,78,-15.605707614007972
2017_Xavier_BB_Eberswalde_UAV_AOE,ring,2018-10,78,-15.742917406527665
20210706_EW_WW_Kaufland_AOE,ring,2018-10,78,-16.086928697098983
20220226_EW_WW_Campus_Oberheide_AOE,ring,2018-10,78,-15.813649594061978
2022_Zeynep_BB_Eberswalde_UAV_AOE,ring,2018-10,78,-15.755094965246094
20220212_Barnekow_3_AOE,ring,2018-10,78,-15.984438012081203
20220212_Barnekow_5_AOE,ring,2018-10,78,-16.024117013707073
2022_Zeynep_MV_Barnekow_AOE,ring,2018-10,78,-16.07998459883048
2022_Zeynep_MV_Bremerhagen_AOE,ring,2018-10,78,-16.062967589297422
20220209_Bremerhagen_3_AOE,ring,2018-10,78,-16.087998832014662
20171016_EW_WW_Campus_AOE,polygon,2018-11,76,-15.657077930541114
20171114_EW_WW_Bachsee_north_AOE,polygon,2018-11,76,-14.412205495161457
2017_Xavier_BB_Eberswalde_UAV_AOE,polygon,2018-11,76,-15.109249647371659
20210706_EW_WW_Kaufland_AOE,polygon,2018-11,76,-15.080303843548721
20220226_EW_WW_Campus_Oberheide_AOE,polygon,2018-11,76,-14.915164710978468
2022_Zeynep_BB_Eberswalde_UAV_AOE,polygon,2018-11,76,-15.031836831311283
20220212_Barnekow_3_AOE,polygon,2018-11,76,-16.82110270595406
20220212_Barnekow_5_AOE,polygon,2018-11,76,-16.723883200903757
2022_Zeynep_MV_Barnekow_AOE,polygon,2018-11,76,-16.658027574226285
2022_Zeynep_MV_Bremerhagen_AOE,polygon,2018-11,76,-16.55905063737395
20220209_Bremerhagen_3_AOE,polygon,2018-11,76,-17.05090824702662
20171016_EW_WW_Campus_AOE,ring,2018-11,76,-14.632801012141025
20171114_EW_WW_Bachsee_north_AOE,ring,2018-11,76,-14.480062332937074
2017_Xavier_BB_Eberswalde_UAV_AOE,ring,2018-11,76,-14.687528896053852
20210706_EW_WW_Kaufland_AOE,ring,2018-11,76,-15.22820731910048
20220226_EW_WW_Campus_Oberheide_AOE,ring,2018-11,76,-14.62780453558324
2022_Zeynep_BB_Eberswalde_UAV_AOE,ring,2018-11,76,-14.881603386385528
20220212_Barnekow_3_AOE,ring,2018-11,76,-15.622150796109986
20220212_Barnekow_5_AOE,ring,2018-11,76,-15.717489256978315
2022_Zeynep_MV_Barnekow_AOE,ring,2018-11,76,-15.726918330424054
2022_Zeynep_MV_Bremerhagen_AOE,ring,2018-11,76,-15.411692915195921
20220209_Bremerhagen_3_AOE,ring,2018-11,76,-15.548235880865903
20171016_EW_WW_Campus_AOE,polygon,2018-12,84,-14.583052631310576
20171114_EW_WW_Bachsee_north_AOE,polygon,2018-12,84,-13.563568488215985
2017_Xavier_BB_Eberswalde_UAV_AOE,polygon,2018-12,84,-14.158626590049984
20210706_EW_WW_Kaufland_AOE,polygon,2018-12,84,-14.30780850887912
20220226_EW_WW_Campus_Oberheide_AOE,polygon,2018-12,84,-13.999067414663717
2022_Zeynep_BB_Eberswalde_UAV_AOE,polygon,2018-12,84,-14.196320820771977
20220212_Barnekow_3_AOE,polygon,2018-12,84,-16.467657726558745
20220212_Barnekow_5_AOE,polygon,2018-12,84,-16.45551669158262
2022_Zeynep_MV_Barnekow_AOE,polygon,2018-12,84,-16.29556196201606
2022_Zeynep_MV_Bremerhagen_AOE,polygon,2018-12,84,-16.258162248990846
20220209_Bremerhagen_3_AOE,polygon,2018-12,84,-16.285238782238046
20171016_EW_WW_Campus_AOE,ring,2018-12,84,-13.995007406131226
20171114_EW_WW_Bachsee_north_AOE,ring,2018-12,84,-13.918993375910473
2017_Xavier_BB_Eberswalde_UAV_AOE,ring,2018-12,84,-14.085785292134348
20210706_EW_WW_Kaufland_AOE,ring,2018-12,84,-14.63427843913274
20220226_EW_WW_Campus_Oberheide_AOE,ring,2018-12,84,-13.975759080309759
2022_Zeynep_BB_Eberswalde_UAV_AOE,ring,2018-12,84,-14.302954617366773
20220212_Barnekow_3_AOE,ring,2018-12,84,-15.304581657843519
20220212_Barnekow_5_AOE,ring,2018-12,84,-15.397384549388384
2022_Zeynep_MV_Barnekow_AOE,ring,2018-12,84,-15.284059310343466
2022_Zeynep_MV_Bremerhagen_AOE,ring,2018-12,84,-14.964640697952605
20220209_Bremerhagen_3_AOE,ring,2018-12,84,-15.18520845310472
20171016_EW_WW_Campus_AOE,polygon,2019-01,43,-15.609270596199801
20171114_EW_WW_Bachsee_north_AOE,polygon,2019-01,43,-14.635684315125092
2017_Xavier_BB_Eberswalde_UAV_AOE,polygon,2019-01,43,-15.21124103000403
20210706_EW_WW_Kaufland_AOE,polygon,2019-01,43,-15.43956197422757
20220226_EW_WW_Campus_Oberheide_AOE,polygon,2019-01,43,-14.923857645696454
2022_Zeynep_BB_Eberswalde_UAV_AOE,polygon,2019-01,43,-15.10938926949791
20220212_Barnekow_3_AOE,polygon,2019-01,43,-17.136801473895066
20220212_Barnekow_5_AOE,polygon,2019-01,43,-17.094667336747445
2022_Zeynep_MV_Barnekow_AOE,polygon,2019-01,43,-17.007245102949614
2022_Zeynep_MV_Bremerhagen_AOE,polygon,2019-01,43,-16.883029810343118
20220209_Bremerhagen_3_AOE,polygon,2019-01,43,-17.118556528922856
20171016_EW_WW_Campus_AOE,ring,2019-01,43,-14.778085743909918
20171114_EW_WW_Bachsee_north_AOE,ring,2019-01,43,-14.854035862817488
2017_Xavier_BB_Eberswalde_UAV_AOE,ring,2019-01,43,-14.928356854216524
20210706_EW_WW_Kaufland_AOE,ring,2019-01,43,-15.412646249430283
20220226_EW_WW_Campus_Oberheide_AOE,ring,2019-01,43,-14.831049041740178
2022_Zeynep_BB_Eberswalde_UAV_AOE,ring,2019-01,43,-15.157012177249735
20220212_Barnekow_3_AOE,ring,2019-01,43,-15.917209635692334
20220212_Barnekow_5_AOE,ring,2019-01,43,-16.014955944925937
2022_Zeynep_MV_Barnekow_AOE,ring,2019-01,43,-15.926657993975205
2022_Zeynep_MV_Bremerhagen_AOE,ring,2019-01,43,-15.613750182651977
20220209_Bremerhagen_3_AOE,ring,2019-01,43,-15.809193291284075
20171016_EW_WW_Campus_AOE,polygon,2019-02,35,-15.243216011518868
20171114_EW_WW_Bachsee_north_AOE,polygon,2019-02,35,-14.041510669288478
2017_Xavier_BB_Eberswalde_UAV_AOE,polygon,2019-02,35,-14.777699739337818
20210706_EW_WW_Kaufland_AOE,polygon,2019-02,35,-14.987145833445208
20220226_EW_WW_Campus_Oberheide_AOE,polygon,2019-02,35,-14.523635762589427
2022_Zeynep_BB_Eberswalde_UAV_AOE,polygon,2019-02,35,-14.666122816446986
20220212_Barnekow_3_AOE,polygon,2019-02,35,-16.561120243396605
20220212_Barnekow_5_AOE,polygon,2019-02,35,-16.332713178048824
2022_Zeynep_MV_Barnekow_AOE,polygon,2019-02,35,-16.375479915493674
2022_Zeynep_MV_Bremerhagen_AOE,polygon,2019-02,35,-16.345503000330275
20220209_Bremerhagen_3_AOE,polygon,2019-02,35,-16.648443013321952
20171016_EW_WW_Campus_AOE,ring,2019-02,35,-14.401593735692805
20171114_EW_WW_Bachsee_north_AOE,ring,2019-02,35,-14.349166019930996
2017_Xavier_BB_Eberswalde_UAV_AOE,ring,2019-02,35,-14.531221010378976
20210706_EW_WW_Kaufland_AOE,ring,2019-02,35,-15.20081710316003
20220226_EW_WW_Campus_Oberheide_AOE,ring,2019-02,35,-14.417533016988854
2022_Zeynep_BB_Eberswalde_UAV_AOE,ring,2019-02,35,-14.76377793370443
20220212_Barnekow_3_AOE,ring,2019-02,35,-15.319822525064879
20220212_Barnekow_5_AOE,ring,2019-02,35,-15.383002384440154
2022_Zeynep_MV_Barnekow_AOE,ring,2019-02,35,-15.339792921994759
2022_Zeynep_MV_Bremerhagen_AOE,ring,2019-02,35,-15.00315950007578
20220209_Bremerhagen_3_AOE,ring,2019-02,35,-15.21612193870117
20171016_EW_WW_Campus_AOE,polygon,2019-03,42,-15.18769450076383
20171114_EW_WW_Bachsee_north_AOE,polygon,2019-03,42,-13.98836004244261
2017_Xavier_BB_Eberswalde_UAV_AOE,polygon,2019-03,42,-14.70019122784271
20210706_EW_WW_Kaufland_AOE,polygon,2019-03,42,-15.084144029354848
20220226_EW_WW_Campus_Oberheide_AOE,polygon,2019-03,42,-14.403986884272474
2022_Zeynep_BB_Eberswalde_UAV_AOE,polygon,2019-03,42,-14.592608949941443
20220212_Barnekow_3_AOE,polygon,2019-03,42,-16.468009057482572
20220212_Barnekow_5_AOE,polygon,2019-03,42,-16.435261458789693
2022_Zeynep_MV_Barnekow_AOE,polygon,2019-03,42,-16.373591042679564
2022_Zeynep_MV_Bremerhagen_AOE,polygon,2019-03,42,-16.440299274933167
20220209_Bremerhagen_3_AOE,polygon,2019-03,42,-17.041821685809257
20171016_EW_WW_Campus_AOE,ring,2019-03,42,-14.313774142456356
20171114_EW_WW_Bachsee_north_AOE,ring,2019-03,42,-14.208162487184392
2017_Xavier_BB_Eberswalde_UAV_AOE,ring,2019-03,42,-14.399964693067462
20210706_EW_WW_Kaufland_AOE,ring,2019-03,42,-14.976136636445089
20220226_EW_WW_Campus_Oberheide_AOE,ring,2019-03,42,-14.318565896903499
2022_Zeynep_BB_Eberswalde_UAV_AOE,ring,2019-03,42,-14.601773716760015
20220212_Barnekow_3_AOE,ring,2019-03,42,-15.31692269216261
20220212_Barnekow_5_AOE,ring,2019-03,42,-15.40712716406082
2022_Zeynep_MV_Barnekow_AOE,ring,2019-03,42,-15.293554319037574
2022_Zeynep_MV_Bremerhagen_AOE,ring,2019-03,42,-15.033020716192931
20220209_Bremerhagen_3_AOE,ring,2019-03,42,-15.22601978311594
20171016_EW_WW_Campus_AOE,polygon,2019-04,38,-15.900196309683901
20171114_EW_WW_Bachsee_north_AOE,polygon,2019-04,38,-14.339476661726362
2017_Xavier_BB_Eberswalde_UAV_AOE,polygon,2019-04,38,-15.302209077603441
20210706_EW_WW_Kaufland_AOE,polygon,2019-04,38,-15.75539196252124
20220226_EW_WW_Campus_Oberheide_AOE,polygon,2019-04,38,-14.807754983904191
2022_Zeynep_BB_Eberswalde_UAV_AOE,polygon,2019-04,38,-14.96003632634319
20220212_Barnekow_3_AOE,polygon,2019-04,38,-16.8390739992498
20220212_Barnekow_5_AOE,polygon,2019-04,38,-16.424072877289557
2022_Zeynep_MV_Barnekow_AOE,polygon,2019-04,38,-16.548461930505315
2022_Zeynep_MV_Bremerhagen_AOE,polygon,2019-04,38,-16.535602271567527
20220209_Bremerhagen_3_AOE,polygon,2019-04,38,-16.917835588499052
20171016_EW_WW_Campus_AOE,ring,2019-04,38,-14.530579463361589
20171114_EW_WW_Bachsee_north_AOE,ring,2019-04,38,-14.384074836501343
2017_Xavier_BB_Eberswalde_UAV_AOE,ring,2019-04,38,-14.579100161755488
20210706_EW_WW_Kaufland_AOE,ring,2019-04,38,-15.133737726303467
20220226_EW_WW_Campus_Oberheide_AOE,ring,2019-04,38,-14.561601350421757
2022_Zeynep_BB_Eberswalde_UAV_AOE,ring,2019-04,38,-14.761371585808895
20220212_Barnekow_3_AOE,ring,2019-04,38,-15.492210724737213
20220212_Barnekow_5_AOE,ring,2019-04,38,-15.613183447445103
2022_Zeynep_MV_Barnekow_AOE,ring,2019-04,38,-15.564844190699306
2022_Zeynep_MV_Bremerhagen_AOE,ring,2019-04,38,-15.29988168289867
20220209_Bremerhagen_3_AOE,ring,2019-04,38,-15.432089289001887
20171016_EW_WW_Campus_AOE,polygon,2019-05,42,-16.64206347274496
20171114_EW_WW_Bachsee_north_AOE,polygon,2019-05,42,-15.90306794837717
2017_Xavier_BB_Eberswalde_UAV_AOE,polygon,2019-05,42,-16.330652837712673
20210706_EW_WW_Kaufland_AOE,polygon,2019-05,42,-16.8280298337344
20220226_EW_WW_Campus_Oberheide_AOE,polygon,2019-05,42,-15.566766927057992
2022_Zeynep_BB_Eberswalde_UAV_AOE,polygon,2019-05,42,-15.807804000124962
20220212_Barnekow_3_AOE,polygon,2019-05,42,-16.38984984078449
20220212_Barnekow_5_AOE,polygon,2019-05,42,-16.13196640964229
2022_Zeynep_MV_Barnekow_AOE,polygon,2019-05,42,-16.24068801181997
2022_Zeynep_MV_Bremerhagen_AOE,polygon,2019-05,42,-16.200242892975368
20220209_Bremerhagen_3_AOE,polygon,2019-05,42,-16.214416970056238
20171016_EW_WW_Campus_AOE,ring,2019-05,42,-15.575051897359328
20171114_EW_WW_Bachsee_north_AOE,ring,2019-05,42,-15.325935941116608
2017_Xavier_BB_Eberswalde_UAV_AOE,ring,2019-05,42,-15.511571666710324
20210706_EW_WW_Kaufland_AOE,ring,2019-05,42,-15.916576710673725
20220226_EW_WW_Campus_Oberheide_AOE,ring,2019-05,42,-15.576677995328117
2022_Zeynep_BB_Eberswalde_UAV_AOE,ring,2019-05,42,-15.511535122586778
20220212_Barnekow_3_AOE,ring,2019-05,42,-15.68238661614047
20220212_Barnekow_5_AOE,ring,2019-05,42,-15.853954873448275
2022_Zeynep_MV_Barnekow_AOE,ring,2019-05,42,-15.835595857316603
2022_Zeynep_MV_Bremerhagen_AOE,ring,2019-05,42,-15.796419780109439
20220209_Bremerhagen_3_AOE,ring,2019-05,42,-15.863945875193545
20171016_EW_WW_Campus_AOE,polygon,2019-06,40,-15.81918662260182
20171114_EW_WW_Bachsee_north_AOE,polygon,2019-06,40,-14.89403889467474
2017_Xavier_BB_Eberswalde_UAV_AOE,polygon,2019-06,40,-15.439617521109795
20210706_EW_WW_Kaufland_AOE,polygon,2019-06,40,-15.723490980922499
20220226_EW_WW_Campus_Oberheide_AOE,polygon,2019-06,40,-14.560132647499813
2022_Zeynep_BB_Eberswalde_UAV_AOE,polygon,2019-06,40,-14.902049442485795
20220212_Barnekow_3_AOE,polygon,2019-06,40,-15.639577336189644
20220212_Barnekow_5_AOE,polygon,2019-06,40,-15.359027543640027
2022_Zeynep_MV_Barnekow_AOE,polygon,2019-06,40,-15.460862208953337
2022_Zeynep_MV_Bremerhagen_AOE,polygon,2019-06,40,-15.319491569494668
20220209_Bremerhagen_3_AOE,polygon,2019-06,40,-15.665746160229427
20171016_EW_WW_Campus_AOE,ring,2019-06,40,-14.8154406574922
20171114_EW_WW_Bachsee_north_AOE,ring,2019-06,40,-14.489078892120453
2017_Xavier_BB_Eberswalde_UAV_AOE,ring,2019-06,40,-14.787492411456114
20210706_EW_WW_Kaufland_AOE,ring,2019-06,40,-15.468104925495474
20220226_EW_WW_Campus_Oberheide_AOE,ring,2019-06,40,-14.779545702312634
2022_Zeynep_BB_Eberswalde_UAV_AOE,ring,2019-06,40,-14.882486369051247
20220212_Barnekow_3_AOE,ring,2019-06,40,-15.095063131040742
20220212_Barnekow_5_AOE,ring,2019-06,40,-15.308684418872026
2022_Zeynep_MV_Barnekow_AOE,ring,2019-06,40,-15.263413559521803
2022_Zeynep_MV_Bremerhagen_AOE,ring,2019-06,40,-15.259783686679977
20220209_Bremerhagen_3_AOE,ring,2019-06,40,-15.176928963110564
20171016_EW_WW_Campus_AOE,polygon,2019-07,40,-15.996033386013977
20171114_EW_WW_Bachsee_north_AOE,polygon,2019-07,40,-15.07907705355491
2017_Xavier_BB_Eberswalde_UAV_AOE,polygon,2019-07,40,-15.672836157854624
20210706_EW_WW_Kaufland_AOE,polygon,2019-07,40,-16.72868904243014
20220226_EW_WW_Campus_Oberheide_AOE,polygon,2019-07,40,-14.943599566806846
2022_Zeynep_BB_Eberswalde_UAV_AOE,polygon,2019-07,40,-15.221010419768783
20220212_Barnekow_3_AOE,polygon,2019-07,40,-15.717234558110087
20220212_Barnekow_5_AOE,polygon,2019-07,40,-15.567967669182757
2022_Zeynep_MV_Barnekow_AOE,polygon,2019-07,40,-15.703891766045212
2022_Zeynep_MV_Bremerhagen_AOE,polygon,2019-07,40,-15.86503387957853
20220209_Bremerhagen_3_AOE,polygon,2019-07,40,-16.334482174336866
20171016_EW_WW_Campus_AOE,ring,2019-07,40,-15.12548368357277
20171114_EW_WW_Bachsee_north_AOE,ring,2019-07,40,-14.731693622192074
2017_Xavier_BB_Eberswalde_UAV_AOE,ring,2019-07,40,-15.058377934626547
20210706_EW_WW_Kaufland_AOE,ring,2019-07,40,-15.71335309314659
20220226_EW_WW_Campus_Oberheide_AOE,ring,2019-07,40,-15.090424340343999
2022_Zeynep_BB_Eberswalde_UAV_AOE,ring,2019-07,40,-15.174344472283611
20220212_Barnekow_3_AOE,ring,2019-07,40,-15.314295622968011
20220212_Barnekow_5_AOE,ring,2019-07,40,-15.601363787661397
2022_Zeynep_MV_Barnekow_AOE,ring,2019-07,40,-15.549486746802444
2022_Zeynep_MV_Bremerhagen_AOE,ring,2019-07,40,-15.682739005626543
20220209_Bremerhagen_3_AOE,ring,2019-07,40,-15.618738722221119
20171016_EW_WW_Campus_AOE,polygon,2019-08,41,-16.182076186229395
20171114_EW_WW_Bachsee_north_AOE,polygon,2019-08,41,-15.24777660047159
2017_Xavier_BB_Eberswalde_UAV_AOE,polygon,2019-08,41,-15.772605007648378
20210706_EW_WW_Kaufland_AOE,polygon,2019-08,41,-16.446199575544448
20220226_EW_WW_Campus_Oberheide_AOE,polygon,2019-08,41,-15.181116374421261
2022_Zeynep_BB_Eberswalde_UAV_AOE,polygon,2019-08,41,-15.390371721191627
20220212_Barnekow_3_AOE,polygon,2019-08,41,-16.20794109353996
20220212_Barnekow_5_AOE,polygon,2019-08,41,-15.663452843327041
2022_Zeynep_MV_Barnekow_AOE,polygon,2019-08,41,-15.802320636977607
2022_Zeynep_MV_Bremerhagen_AOE,polygon,2019-08,41,-15.903629965427008
20220209_Bremerhagen_3_AOE,polygon,2019-08,41,-16.435241926925706
20171016_EW_WW_Campus_AOE,ring,2019-08,41,-15.246625672617974
20171114_EW_WW_Bachsee_north_AOE,ring,2019-08,41,-14.87024885744488
2017_Xavier_BB_Eberswalde_UAV_AOE,ring,2019-08,41,-15.198895814361437
20210706_EW_WW_Kaufland_AOE,ring,2019-08,41,-15.8822097875839
20220226_EW_WW_Campus_Oberheide_AOE,ring,2019-08,41,-15.229944472552482
2022_Zeynep_BB_Eberswalde_UAV_AOE,ring,2019-08,41,-15.336432928415043
20220212_Barnekow_3_AOE,ring,2019-08,41,-15.427490324245877
20220212_Barnekow_5_AOE,ring,2019-08,41,-15.623429871529718
2022_Zeynep_MV_Barnekow_AOE,ring,2019-08,41,-15.650181410869791
2022_Zeynep_MV_Bremerhagen_AOE,ring,2019-08,41,-15.631417146495998
20220209_Bremerhagen_3_AOE,ring,2019-08,41,-15.542114416564745
20171016_EW_WW_Campus_AOE,polygon,2019-09,38,-16.188943580548745
20171114_EW_WW_Bachsee_north_AOE,polygon,2019-09,38,-15.272194284460657
2017_Xavier_BB_Eberswalde_UAV_AOE,polygon,2019-09,38,-15.846182060889948
20210706_EW_WW_Kaufland_AOE,polygon,2019-09,38,-16.656988976422365
20220226_EW_WW_Campus_Oberheide_AOE,polygon,2019-09,38,-14.954254696418895
2022_Zeynep_BB_Eberswalde_UAV_AOE,polygon,2019-09,38,-15.25449101341849
20220212_Barnekow_3_AOE,polygon,2019-09,38,-16.190250985521235
20220212_Barnekow_5_AOE,polygon,2019-09,38,-16.00712266590502
2022_Zeynep_MV_Barnekow_AOE,polygon,2019-09,38,-16.09753234919222
2022_Zeynep_MV_Bremerhagen_AOE,polygon,2019-09,38,-16.189816745093644
20220209_Bremerhagen_3_AOE,polygon,2019-09,38,-16.39877463077545
20171016_EW_WW_Campus_AOE,ring,2019-09,38,-15.24556500720837
20171114_EW_WW_Bachsee_north_AOE,ring,2019-09,38,-15.076760110800745
2017_Xavier_BB_Eberswalde_UAV_AOE,ring,2019-09,38,-15.291208637630474
20210706_EW_WW_Kaufland_AOE,ring,2019-09,38,-15.957729624939336
20220226_EW_WW_Campus_Oberheide_AOE,ring,2019-09,38,-15.246250120782728
2022_Zeynep_BB_Eberswalde_UAV_AOE,ring,2019-09,38,-15.441097867770697
20220212_Barnekow_3_AOE,ring,2019-09,38,-15.692692724504793
20220212_Barnekow_5_AOE,ring,2019-09,38,-15.887717621843096
2022_Zeynep_MV_Barnekow_AOE,ring,2019-09,38,-15.853397129648384
2022_Zeynep_MV_Bremerhagen_AOE,ring,2019-09,38,-15.864429598858827
20220209_Bremerhagen_3_AOE,ring,2019-09,38,-15.824718771180038
20171016_EW_WW_Campus_AOE,polygon,2019-10,42,-15.423381980656664
20171114_EW_WW_Bachsee_north_AOE,polygon,2019-10,42,-14.650910242521222
2017_Xavier_BB_Eberswalde_UAV_AOE,polygon,2019-10,42,-15.116891000545904
20210706_EW_WW_Kaufland_AOE,polygon,2019-10,42,-15.457060594046196
20220226_EW_WW_Campus_Oberheide_AOE,polygon,2019-10,42,-14.635874873783525
2022_Zeynep_BB_Eberswalde_UAV_AOE,polygon,2019-10,42,-14.922412686426533
20220212_Barnekow_3_AOE,polygon,2019-10,42,-15.99781375585204
20220212_Barnekow_5_AOE,polygon,2019-10,42,-15.912690863564617
2022_Zeynep_MV_Barnekow_AOE,polygon,2019-10,42,-16.011807698118712
2022_Zeynep_MV_Bremerhagen_AOE,polygon,2019-10,42,-16.133368344408325
20220209_Bremerhagen_3_AOE,polygon,2019-10,42,-16.457480602367482
20171016_EW_WW_Campus_AOE,ring,2019-10,42,-14.93236214126856
20171114_EW_WW_Bachsee_north_AOE,ring,2019-10,42,-14.642109260745762
2017_Xavier_BB_Eberswalde_UAV_AOE,ring,2019-10,42,-14.893805939829104
20210706_EW_WW_Kaufland_AOE,ring,2019-10,42,-15.43595900426229
20220226_EW_WW_Campus_Oberheide_AOE,ring,2019-10,42,-14.878252757407862
2022_Zeynep_BB_Eberswalde_UAV_AOE,ring,2019-10,42,-15.04735472919744
20220212_Barnekow_3_AOE,ring,2019-10,42,-15.576000654736024
20220212_Barnekow_5_AOE,ring,2019-10,42,-15.636947109859236
2022_Zeynep_MV_Barnekow_AOE,ring,2019-10,42,-15.689192654247794
2022_Zeynep_MV_Bremerhagen_AOE,ring,2019-10,42,-15.674642220920244
20220209_Bremerhagen_3_AOE,ring,2019-10,42,-15.650800892250405
20171016_EW_WW_Campus_AOE,polygon,2019-11,37,-14.753516750314935
20171114_EW_WW_Bachsee_north_AOE,polygon,2019-11,37,-13.988126710710622
2017_Xavier_BB_Eberswalde_UAV_AOE,polygon,2019-11,37,-14.422764168294032
20210706_EW_WW_Kaufland_AOE,polygon,2019-11,37,-14.80971888964462
20220226_EW_WW_Campus_Oberheide_AOE,polygon,2019-11,37,-14.324357057526418
2022_Zeynep_BB_Eberswalde_UAV_AOE,polygon,2019-11,37,-14.437451949214905
20220212_Barnekow_3_AOE,polygon,2019-11,37,-16.082369249124987
20220212_Barnekow_5_AOE,polygon,2019-11,37,-16.100083088377602
2022_Zeynep_MV_Barnekow_AOE,polygon,2019-11,37,-15.998052649874628
2022_Zeynep_MV_Bremerhagen_AOE,polygon,2019-11,37,-16.01646198065918
20220209_Bremerhagen_3_AOE,polygon,2019-11,37,-16.13532814913585
20171016_EW_WW_Campus_AOE,ring,2019-11,37,-14.252905892648004
20171114_EW_WW_Bachsee_north_AOE,ring,2019-11,37,-14.125311215208354
2017_Xavier_BB_Eberswalde_UAV_AOE,ring,2019-11,37,-14.300927587230452
20210706_EW_WW_Kaufland_AOE,ring,2019-11,37,-14.741446298728343
20220226_EW_WW_Campus_Oberheide_AOE,ring,2019-11,37,-14.227400197957522
2022_Zeynep_BB_Eberswalde_UAV_AOE,ring,2019-11,37,-14.468449330600189
20220212_Barnekow_3_AOE,ring,2019-11,37,-15.15881153576631
20220212_Barnekow_5_AOE,ring,2019-11,37,-15.255670192686194
2022_Zeynep_MV_Barnekow_AOE,ring,2019-11,37,-15.194663189386251
2022_Zeynep_MV_Bremerhagen_AOE,ring,2019-11,37,-14.948915985543934
20220209_Bremerhagen_3_AOE,ring,2019-11,37,-15.099887371312041
20171016_EW_WW_Campus_AOE,polygon,2019-12,39,-14.342783998440483
20171114_EW_WW_Bachsee_north_AOE,polygon,2019-12,39,-13.672738252906436
2017_Xavier_BB_Eberswalde_UAV_AOE,polygon,2019-12,39,-14.047471140566868
20210706_EW_WW_Kaufland_AOE,polygon,2019-12,39,-14.518183675271903
20220226_EW_WW_Campus_Oberheide_AOE,polygon,2019-12,39,-13.99512860169914
2022_Zeynep_BB_Eberswalde_UAV_AOE,polygon,2019-12,39,-14.142016539001895
20220212_Barnekow_3_AOE,polygon,2019-12,39,-16.327693139988547
20220212_Barnekow_5_AOE,polygon,2019-12,39,-16.21948866271662
2022_Zeynep_MV_Barnekow_AOE,polygon,2019-12,39,-16.150234851844182
2022_Zeynep_MV_Bremerhagen_AOE,polygon,2019-12,39,-16.249995707554305
20220209_Bremerhagen_3_AOE,polygon,2019-12,39,-16.70076699593966
20171016_EW_WW_Campus_AOE,ring,2019-12,39,-13.988381012478944
20171114_EW_WW_Bachsee_north_AOE,ring,2019-12,39,-13.945945267693567
2017_Xavier_BB_Eberswalde_UAV_AOE,ring,2019-12,39,-14.078032335951573
20210706_EW_WW_Kaufland_AOE,ring,2019-12,39,-14.480073063837699
20220226_EW_WW_Campus_Oberheide_AOE,ring,2019-12,39,-13.989923021649197
2022_Zeynep_BB_Eberswalde_UAV_AOE,ring,2019-12,39,-14.30609175112013
20220212_Barnekow_3_AOE,ring,2019-12,39,-15.159823102486571
20220212_Barnekow_5_AOE,ring,2019-12,39,-15.258807068809013
2022_Zeynep_MV_Barnekow_AOE,ring,2019-12,39,-15.171518343502607
2022_Zeynep_MV_Bremerhagen_AOE,ring,2019-12,39,-14.846239609653848
20220209_Bremerhagen_3_AOE,ring,2019-12,39,-15.099513464406975
20171016_EW_WW_Campus_AOE,polygon,2020-01,39,-14.9170631535173
20171114_EW_WW_Bachsee_north_AOE,polygon,2020-01,39,-13.825304449429762
2017_Xavier_BB_Eberswalde_UAV_AOE,polygon,2020-01,39,-14.515055120480698
20210706_EW_WW_Kaufland_AOE,polygon,2020-01,39,-14.878171336772423
20220226_EW_WW_Campus_Oberheide_AOE,polygon,2020-01,39,-14.379886418163748
2022_Zeynep_BB_Eberswalde_UAV_AOE,polygon,2020-01,39,-14.509133123352271
20220212_Barnekow_3_AOE,polygon,2020-01,39,-16.374419652357464
20220212_Barnekow_5_AOE,polygon,2020-01,39,-16.371212561330054
2022_Zeynep_MV_Barnekow_AOE,polygon,2020-01,39,-16.357381836325928
2022_Zeynep_MV_Bremerhagen_AOE,polygon,2020-01,39,-16.42864782905536
20220209_Bremerhagen_3_AOE,polygon,2020-01,39,-17.15534165008881
20171016_EW_WW_Campus_AOE,ring,2020-01,39,-14.309533027208072
20171114_EW_WW_Bachsee_north_AOE,ring,2020-01,39,-14.262371533475484
2017_Xavier_BB_Eberswalde_UAV_AOE,ring,2020-01,39,-14.400937809768063
20210706_EW_WW_Kaufland_AOE,ring,2020-01,39,-14.928052072207867
20220226_EW_WW_Campus_Oberheide_AOE,ring,2020-01,39,-14.308183476395985
2022_Zeynep_BB_Eberswalde_UAV_AOE,ring,2020-01,39,-14.630990301219997
20220212_Barnekow_3_AOE,ring,2020-01,39,-15.303541194074143
20220212_Barnekow_5_AOE,ring,2020-01,39,-15.440053211871922
2022_Zeynep_MV_Barnekow_AOE,ring,2020-01,39,-15.358462158184453
2022_Zeynep_MV_Bremerhagen_AOE,ring,2020-01,39,-15.023360624880015
20220209_Bremerhagen_3_AOE,ring,2020-01,39,-15.240744244058332
20171016_EW_WW_Campus_AOE,polygon,2020-02,35,-14.375146945415546
20171114_EW_WW_Bachsee_north_AOE,polygon,2020-02,35,-13.37979463286379
2017_Xavier_BB_Eberswalde_UAV_AOE,polygon,2020-02,35,-13.976679536659935
20210706_EW_WW_Kaufland_AOE,polygon,2020-02,35,-14.181215468664654
20220226_EW_WW_Campus_Oberheide_AOE,polygon,2020-02,35,-13.912777636505488
2022_Zeynep_BB_Eberswalde_UAV_AOE,polygon,2020-02,35,-14.09082226781985
20220212_Barnekow_3_AOE,polygon,2020-02,35,-16.011277368734426
20220212_Barnekow_5_AOE,polygon,2020-02,35,-16.082339467083262
2022_Zeynep_MV_Barnekow_AOE,polygon,2020-02,35,-16.008737579658536
2022_Zeynep_MV_Bremerhagen_AOE,polygon,2020-02,35,-16.139833213602998
20220209_Bremerhagen_3_AOE,polygon,2020-02,35,-16.653866864376415
20171016_EW_WW_Campus_AOE,ring,2020-02,35,-13.852050938353731
20171114_EW_WW_Bachsee_north_AOE,ring,2020-02,35,-13.854083860522584
2017_Xavier_BB_Eberswalde_UAV_AOE,ring,2020-02,35,-13.958537617012889
20210706_EW_WW_Kaufland_AOE,ring,2020-02,35,-14.345503080550039
20220226_EW_WW_Campus_Oberheide_AOE,ring,2020-02,35,-13.852293258876685
2022_Zeynep_BB_Eberswalde_UAV_AOE,ring,2020-02,35,-14.129129456748009
20220212_Barnekow_3_AOE,ring,2020-02,35,-15.067112074079452
20220212_Barnekow_5_AOE,ring,2020-02,35,-15.12832061430891
2022_Zeynep_MV_Barnekow_AOE,ring,2020-02,35,-15.074740902872104
2022_Zeynep_MV_Bremerhagen_AOE,ring,2020-02,35,-14.76373425909324
20220209_Bremerhagen_3_AOE,ring,2020-02,35,-15.013700655519047
20171016_EW_WW_Campus_AOE,polygon,2020-03,35,-15.50705097468405
20171114_EW_WW_Bachsee_north_AOE,polygon,2020-03,35,-14.03690070956027
2017_Xavier_BB_Eberswalde_UAV_AOE,polygon,2020-03,35,-14.912166163635279
20210706_EW_WW_Kaufland_AOE,polygon,2020-03,35,-15.638211517742874
20220226_EW_WW_Campus_Oberheide_AOE,polygon,2020-03,35,-14.605088836215657
2022_Zeynep_BB_Eberswalde_UAV_AOE,polygon,2020-03,35,-14.78644275931524
20220212_Barnekow_3_AOE,polygon,2020-03,35,-16.439015368443865
20220212_Barnekow_5_AOE,polygon,2020-03,35,-16.3597677097819
2022_Zeynep_MV_Barnekow_AOE,polygon,2020-03,35,-16.458054352533793
2022_Zeynep_MV_Bremerhagen_AOE,polygon,2020-03,35,-16.59556353602971
20220209_Bremerhagen_3_AOE,polygon,2020-03,35,-17.23618541814302
20171016_EW_WW_Campus_AOE,ring,2020-03,35,-14.383136336381344
20171114_EW_WW_Bachsee_north_AOE,ring,2020-03,35,-14.29346957256825
2017_Xavier_BB_Eberswalde_UAV_AOE,ring,2020-03,35,-14.465203168360285
20210706_EW_WW_Kaufland_AOE,ring,2020-03,35,-15.026307154849304
20220226_EW_WW_Campus_Oberheide_AOE,ring,2020-03,35,-14.434093582988789
2022_Zeynep_BB_Eberswalde_UAV_AOE,ring,2020-03,35,-14.714386553362154
20220212_Barnekow_3_AOE,ring,2020-03,35,-15.471314479564423
20220212_Barnekow_5_AOE,ring,2020-03,35,-15.522908234463726
2022_Zeynep_MV_Barnekow_AOE,ring,2020-03,35,-15.438164723758845
2022_Zeynep_MV_Bremerhagen_AOE,ring,2020-03,35,-15.207219487964728
20220209_Bremerhagen_3_AOE,ring,2020-03,35,-15.392788779536739
20171016_EW_WW_Campus_AOE,polygon,2020-04,38,-16.002336804697936
20171114_EW_WW_Bachsee_north_AOE,polygon,2020-04,38,-14.246243236765523
2017_Xavier_BB_Eberswalde_UAV_AOE,polygon,2020-04,38,-15.280809442422811
20210706_EW_WW_Kaufland_AOE,polygon,2020-04,38,-16.345936511629827
20220226_EW_WW_Campus_Oberheide_AOE,polygon,2020-04,38,-14.703714830029408
2022_Zeynep_BB_Eberswalde_UAV_AOE,polygon,2020-04,38,-14.88202730857006
20220212_Barnekow_3_AOE,polygon,2020-04,38,-16.549153627253215
20220212_Barnekow_5_AOE,polygon,2020-04,38,-16.49839242252857
2022_Zeynep_MV_Barnekow_AOE,polygon,2020-04,38,-16.45591448876565
2022_Zeynep_MV_Bremerhagen_AOE,polygon,2020-04,38,-16.479542983874623
20220209_Bremerhagen_3_AOE,polygon,2020-04,38,-17.0298282278134
20171016_EW_WW_Campus_AOE,ring,2020-04,38,-14.35928530597042
20171114_EW_WW_Bachsee_north_AOE,ring,2020-04,38,-14.255798811628072
2017_Xavier_BB_Eberswalde_UAV_AOE,ring,2020-04,38,-14.440840677429678
20210706_EW_WW_Kaufland_AOE,ring,2020-04,38,-15.013361426218271
20220226_EW_WW_Campus_Oberheide_AOE,ring,2020-04,38,-14.42103232511032
2022_Zeynep_BB_Eberswalde_UAV_AOE,ring,2020-04,38,-14.69381686102069
20220212_Barnekow_3_AOE,ring,2020-04,38,-15.506061012134264
20220212_Barnekow_5_AOE,ring,2020-04,38,-15.638345620027167
2022_Zeynep_MV_Barnekow_AOE,ring,2020-04,38,-15.521113990905084
2022_Zeynep_MV_Bremerhagen_AOE,ring,2020-04,38,-15.1960627160687
20220209_Bremerhagen_3_AOE,ring,2020-04,38,-15.37544015762279
20171016_EW_WW_Campus_AOE,polygon,2020-05,42,-16.52211826984144
20171114_EW_WW_Bachsee_north_AOE,polygon,2020-05,42,-15.504021647082952
2017_Xavier_BB_Eberswalde_UAV_AOE,polygon,2020-05,42,-16.119349643696587
20210706_EW_WW_Kaufland_AOE,polygon,2020-05,42,-16.899119314849948
20220226_EW_WW_Campus_Oberheide_AOE,polygon,2020-05,42,-15.622150359848309
2022_Zeynep_BB_Eberswalde_UAV_AOE,polygon,2020-05,42,-15.736209393070192
20220212_Barnekow_3_AOE,polygon,2020-05,42,-15.886306341260429
20220212_Barnekow_5_AOE,polygon,2020-05,42,-15.95077859404157
2022_Zeynep_MV_Barnekow_AOE,polygon,2020-05,42,-15.763129183203214
2022_Zeynep_MV_Bremerhagen_AOE,polygon,2020-05,42,-16.173117867252316
20220209_Bremerhagen_3_AOE,polygon,2020-05,42,-16.603851106941896
20171016_EW_WW_Campus_AOE,ring,2020-05,42,-15.487960736812408
20171114_EW_WW_Bachsee_north_AOE,ring,2020-05,42,-15.164593312832718
2017_Xavier_BB_Eberswalde_UAV_AOE,ring,2020-05,42,-15.35822595132866
20210706_EW_WW_Kaufland_AOE,ring,2020-05,42,-15.681918570990106
20220226_EW_WW_Campus_Oberheide_AOE,ring,2020-05,42,-15.496996507531424
2022_Zeynep_BB_Eberswalde_UAV_AOE,ring,2020-05,42,-15.39921316697849
20220212_Barnekow_3_AOE,ring,2020-05,42,-15.51203545542464
20220212_Barnekow_5_AOE,ring,2020-05,42,-15.674614895156596
2022_Zeynep_MV_Barnekow_AOE,ring,2020-05,42,-15.660330029424658
2022_Zeynep_MV_Bremerhagen_AOE,ring,2020-05,42,-15.782029098106944
20220209_Bremerhagen_3_AOE,ring,2020-05,42,-15.828978669719957
20171016_EW_WW_Campus_AOE,polygon,2020-06,37,-16.04765283352652
20171114_EW_WW_Bachsee_north_AOE,polygon,2020-06,37,-15.013326890618787
2017_Xavier_BB_Eberswalde_UAV_AOE,polygon,2020-06,37,-15.703111427226355
20210706_EW_WW_Kaufland_AOE,polygon,2020-06,37,-16.81971278828138
20220226_EW_WW_Campus_Oberheide_AOE,polygon,2020-06,37,-15.191247675290024
2022_Zeynep_BB_Eberswalde_UAV_AOE,polygon,2020-06,37,-15.327859390287315
20220212_Barnekow_3_AOE,polygon,2020-06,37,-15.42098057658086
20220212_Barnekow_5_AOE,polygon,2020-06,37,-15.226979002747978
2022_Zeynep_MV_Barnekow_AOE,polygon,2020-06,37,-14.951681979686073
2022_Zeynep_MV_Bremerhagen_AOE,polygon,2020-06,37,-15.332127158341727
20220209_Bremerhagen_3_AOE,polygon,2020-06,37,-15.843594214610848
20171016_EW_WW_Campus_AOE,ring,2020-06,37,-15.146777928532192
20171114_EW_WW_Bachsee_north_AOE,ring,2020-06,37,-14.874401658006626
2017_Xavier_BB_Eberswalde_UAV_AOE,ring,2020-06,37,-15.096570359703845
20210706_EW_WW_Kaufland_AOE,ring,2020-06,37,-15.607054038766126
20220226_EW_WW_Campus_Oberheide_AOE,ring,2020-06,37,-15.149645056178413
2022_Zeynep_BB_Eberswalde_UAV_AOE,ring,2020-06,37,-15.16352427462081
20220212_Barnekow_3_AOE,ring,2020-06,37,-15.070433588160515
20220212_Barnekow_5_AOE,ring,2020-06,37,-15.34481523759233
2022_Zeynep_MV_Barnekow_AOE,ring,2020-06,37,-15.272919596178264
2022_Zeynep_MV_Bremerhagen_AOE,ring,2020-06,37,-15.357398294374137
20220209_Bremerhagen_3_AOE,ring,2020-06,37,-15.272552438204489
20171016_EW_WW_Campus_AOE,polygon,2020-07,40,-16.01322742878367
20171114_EW_WW_Bachsee_north_AOE,polygon,2020-07,40,-15.058210869323313
2017_Xavier_BB_Eberswalde_UAV_AOE,polygon,2020-07,40,-15.64854786072371
20210706_EW_WW_Kaufland_AOE,polygon,2020-07,40,-16.243772755775517
20220226_EW_WW_Campus_Oberheide_AOE,polygon,2020-07,40,-15.16070813111103
2022_Zeynep_BB_Eberswalde_UAV_AOE,polygon,2020-07,40,-15.35886386476167
20220212_Barnekow_3_AOE,polygon,2020-07,40,-15.46533965524465
20220212_Barnekow_5_AOE,polygon,2020-07,40,-15.357368805874602
2022_Zeynep_MV_Barnekow_AOE,polygon,2020-07,40,-15.034278511489706
2022_Zeynep_MV_Bremerhagen_AOE,polygon,2020-07,40,-15.323553004267197
20220209_Bremerhagen_3_AOE,polygon,2020-07,40,-15.421794288740221
20171016_EW_WW_Campus_AOE,ring,2020-07,40,-15.218383275510101
20171114_EW_WW_Bachsee_north_AOE,ring,2020-07,40,-14.93811610469764
2017_Xavier_BB_Eberswalde_UAV_AOE,ring,2020-07,40,-15.171886704529982
20210706_EW_WW_Kaufland_AOE,ring,2020-07,40,-15.781045025352176
20220226_EW_WW_Campus_Oberheide_AOE,ring,2020-07,40,-15.199786469627046
2022_Zeynep_BB_Eberswalde_UAV_AOE,ring,2020-07,40,-15.269143601224478
20220212_Barnekow_3_AOE,ring,2020-07,40,-15.167579187045758
20220212_Barnekow_5_AOE,ring,2020-07,40,-15.41525664807896
2022_Zeynep_MV_Barnekow_AOE,ring,2020-07,40,-15.36181806011462
2022_Zeynep_MV_Bremerhagen_AOE,ring,2020-07,40,-15.343853465911913
20220209_Bremerhagen_3_AOE,ring,2020-07,40,-15.282658707741707
20171016_EW_WW_Campus_AOE,polygon,2020-08,41,-16.164485522704467
20171114_EW_WW_Bachsee_north_AOE,polygon,2020-08,41,-15.159761051760178
2017_Xavier_BB_Eberswalde_UAV_AOE,polygon,2020-08,41,-15.768180653996954
20210706_EW_WW_Kaufland_AOE,polygon,2020-08,41,-16.756273806984183
20220226_EW_WW_Campus_Oberheide_AOE,polygon,2020-08,41,-15.211575354865442
2022_Zeynep_BB_Eberswalde_UAV_AOE,polygon,2020-08,41,-15.45599657787712
20220212_Barnekow_3_AOE,polygon,2020-08,41,-15.447909372410306
20220212_Barnekow_5_AOE,polygon,2020-08,41,-15.27394725999509
2022_Zeynep_MV_Barnekow_AOE,polygon,2020-08,41,-14.949790860225635
2022_Zeynep_MV_Bremerhagen_AOE,polygon,2020-08,41,-15.335377336817597
20220209_Bremerhagen_3_AOE,polygon,2020-08,41,-15.407185444159914
20171016_EW_WW_Campus_AOE,ring,2020-08,41,-15.225487457406393
20171114_EW_WW_Bachsee_north_AOE,ring,2020-08,41,-14.96722768728448
2017_Xavier_BB_Eberswalde_UAV_AOE,ring,2020-08,41,-15.168801915036196
20210706_EW_WW_Kaufland_AOE,ring,2020-08,41,-15.700681008812307
20220226_EW_WW_Campus_Oberheide_AOE,ring,2020-08,41,-15.200633696801201
2022_Zeynep_BB_Eberswalde_UAV_AOE,ring,2020-08,41,-15.227519392455022
20220212_Barnekow_3_AOE,ring,2020-08,41,-15.028245664718842
20220212_Barnekow_5_AOE,ring,2020-08,41,-15.257836125826833
2022_Zeynep_MV_Barnekow_AOE,ring,2020-08,41,-15.224077578339514
2022_Zeynep_MV_Bremerhagen_AOE,ring,2020-08,41,-15.269804126037092
20220209_Bremerhagen_3_AOE,ring,2020-08,41,-15.206154765039592
20171016_EW_WW_Campus_AOE,polygon,2020-09,40,-16.03410826325253
20171114_EW_WW_Bachsee_north_AOE,polygon,2020-09,40,-15.361311448475869
2017_Xavier_BB_Eberswalde_UAV_AOE,polygon,2020-09,40,-15.806762657244954
20210706_EW_WW_Kaufland_AOE,polygon,2020-09,40,-16.898980159927888
20220226_EW_WW_Campus_Oberheide_AOE,polygon,2020-09,40,-15.413892843447345
2022_Zeynep_BB_Eberswalde_UAV_AOE,polygon,2020-09,40,-15.56507880042129
20220212_Barnekow_3_AOE,polygon,2020-09,40,-16.06729115686287
20220212_Barnekow_5_AOE,polygon,2020-09,40,-15.612344124550095
2022_Zeynep_MV_Barnekow_AOE,polygon,2020-09,40,-15.441063596473933
2022_Zeynep_MV_Bremerhagen_AOE,polygon,2020-09,40,-15.768211535192743
20220209_Bremerhagen_3_AOE,polygon,2020-09,40,-16.268162575646272
20171016_EW_WW_Campus_AOE,ring,2020-09,40,-15.405491542855614
20171114_EW_WW_Bachsee_north_AOE,ring,2020-09,40,-15.113679889614868
2017_Xavier_BB_Eberswalde_UAV_AOE,ring,2020-09,40,-15.315304004373964
20210706_EW_WW_Kaufland_AOE,ring,2020-09,40,-15.726488544588173
20220226_EW_WW_Campus_Oberheide_AOE,ring,2020-09,40,-15.398450943947816
2022_Zeynep_BB_Eberswalde_UAV_AOE,ring,2020-09,40,-15.38821154042481
20220212_Barnekow_3_AOE,ring,2020-09,40,-15.575550131892609
20220212_Barnekow_5_AOE,ring,2020-09,40,-15.732559002080292
2022_Zeynep_MV_Barnekow_AOE,ring,2020-09,40,-15.702748816592763
2022_Zeynep_MV_Bremerhagen_AOE,ring,2020-09,40,-15.682707644978551
20220209_Bremerhagen_3_AOE,ring,2020-09,40,-15.641148886434282
20171016_EW_WW_Campus_AOE,polygon,2020-10,42,-15.555309881940065
20171114_EW_WW_Bachsee_north_AOE,polygon,2020-10,42,-15.038548703996575
2017_Xavier_BB_Eberswalde_UAV_AOE,polygon,2020-10,42,-15.35229792614788
20210706_EW_WW_Kaufland_AOE,polygon,2020-10,42,-15.280975234530437
20220226_EW_WW_Campus_Oberheide_AOE,polygon,2020-10,42,-15.09779026344765
2022_Zeynep_BB_Eberswalde_UAV_AOE,polygon,2020-10,42,-15.253448659271665
20220212_Barnekow_3_AOE,polygon,2020-10,42,-15.920110383173506
20220212_Barnekow_5_AOE,polygon,2020-10,42,-15.692121590705286
2022_Zeynep_MV_Barnekow_AOE,polygon,2020-10,42,-15.505811549736642
2022_Zeynep_MV_Bremerhagen_AOE,polygon,2020-10,42,-15.836031896420517
20220209_Bremerhagen_3_AOE,polygon,2020-10,42,-16.248586282629063
20171016_EW_WW_Campus_AOE,ring,2020-10,42,-15.191294253303017
20171114_EW_WW_Bachsee_north_AOE,ring,2020-10,42,-14.919144437602679
2017_Xavier_BB_Eberswalde_UAV_AOE,ring,2020-10,42,-15.111280234922779
20210706_EW_WW_Kaufland_AOE,ring,2020-10,42,-15.459314339245728
20220226_EW_WW_Campus_Oberheide_AOE,ring,2020-10,42,-15.120759571902875
2022_Zeynep_BB_Eberswalde_UAV_AOE,ring,2020-10,42,-15.144657503389535
20220212_Barnekow_3_AOE,ring,2020-10,42,-15.608378628363209
20220212_Barnekow_5_AOE,ring,2020-10,42,-15.718278780837041
2022_Zeynep_MV_Barnekow_AOE,ring,2020-10,42,-15.66357555170512
2022_Zeynep_MV_Bremerhagen_AOE,ring,2020-10,42,-15.524676796041273
20220209_Bremerhagen_3_AOE,ring,2020-10,42,-15.54852782708541
20171016_EW_WW_Campus_AOE,polygon,2020-11,40,-15.008580856835971
20171114_EW_WW_Bachsee_north_AOE,polygon,2020-11,40,-13.93554630569417
2017_Xavier_BB_Eberswalde_UAV_AOE,polygon,2020-11,40,-14.576473343588175
20210706_EW_WW_Kaufland_AOE,polygon,2020-11,40,-15.25067702448381
20220226_EW_WW_Campus_Oberheide_AOE,polygon,2020-11,40,-14.343674060088695
2022_Zeynep_BB_Eberswalde_UAV_AOE,polygon,2020-11,40,-14.465575232422609
20220212_Barnekow_3_AOE,polygon,2020-11,40,-16.112125954196006
20220212_Barnekow_5_AOE,polygon,2020-11,40,-16.149855746266077
2022_Zeynep_MV_Barnekow_AOE,polygon,2020-11,40,-15.712111296446702
2022_Zeynep_MV_Bremerhagen_AOE,polygon,2020-11,40,-16.046644413340616
20220209_Bremerhagen_3_AOE,polygon,2020-11,40,-16.45571925288897
20171016_EW_WW_Campus_AOE,ring,2020-11,40,-14.227813658061255
20171114_EW_WW_Bachsee_north_AOE,ring,2020-11,40,-14.153415113488368
2017_Xavier_BB_Eberswalde_UAV_AOE,ring,2020-11,40,-14.320619368577125
20210706_EW_WW_Kaufland_AOE,ring,2020-11,40,-14.933969142492437
20220226_EW_WW_Campus_Oberheide_AOE,ring,2020-11,40,-14.192568995175057
2022_Zeynep_BB_Eberswalde_UAV_AOE,ring,2020-11,40,-14.526962060143216
20220212_Barnekow_3_AOE,ring,2020-11,40,-15.286018577612321
20220212_Barnekow_5_AOE,ring,2020-11,40,-15.376574185146588
2022_Zeynep_MV_Barnekow_AOE,ring,2020-11,40,-15.254625729574983
2022_Zeynep_MV_Bremerhagen_AOE,ring,2020-11,40,-14.97753946179224
20220209_Bremerhagen_3_AOE,ring,2020-11,40,-15.127795542075217
20171016_EW_WW_Campus_AOE,polygon,2020-12,41,-15.155248407679633
20171114_EW_WW_Bachsee_north_AOE,polygon,2020-12,41,-14.070683434477708
2017_Xavier_BB_Eberswalde_UAV_AOE,polygon,2020-12,41,-14.671830248542193
20210706_EW_WW_Kaufland_AOE,polygon,2020-12,41,-15.506463861695325
20220226_EW_WW_Campus_Oberheide_AOE,polygon,2020-12,41,-14.453652701214715
2022_Zeynep_BB_Eberswalde_UAV_AOE,polygon,2020-12,41,-14.669837604448006
20220212_Barnekow_3_AOE,polygon,2020-12,41,-16.399915637638777
20220212_Barnekow_5_AOE,polygon,2020-12,41,-16.385100606178536
2022_Zeynep_MV_Barnekow_AOE,polygon,2020-12,41,-16.00410857001555
2022_Zeynep_MV_Bremerhagen_AOE,polygon,2020-12,41,-16.28552184193782
20220209_Bremerhagen_3_AOE,polygon,2020-12,41,-17.04471854157201
20171016_EW_WW_Campus_AOE,ring,2020-12,41,-14.367800539806892
20171114_EW_WW_Bachsee_north_AOE,ring,2020-12,41,-14.278761385786154
2017_Xavier_BB_Eberswalde_UAV_AOE,ring,2020-12,41,-14.425674172294354
20210706_EW_WW_Kaufland_AOE,ring,2020-12,41,-14.91735934611296
20220226_EW_WW_Campus_Oberheide_AOE,ring,2020-12,41,-14.409209773958539
2022_Zeynep_BB_Eberswalde_UAV_AOE,ring,2020-12,41,-14.696042739396319
20220212_Barnekow_3_AOE,ring,2020-12,41,-15.419982433295289
20220212_Barnekow_5_AOE,ring,2020-12,41,-15.534505302894788
2022_Zeynep_MV_Barnekow_AOE,ring,2020-12,41,-15.364163381671219
2022_Zeynep_MV_Bremerhagen_AOE,ring,2020-12,41,-15.060412318291483
20220209_Bremerhagen_3_AOE,ring,2020-12,41,-15.253253071447078
20171016_EW_WW_Campus_AOE,polygon,2021-01,35,-15.095977295061497
20171114_EW_WW_Bachsee_north_AOE,polygon,2021-01,35,-14.03671136953902
2017_Xavier_BB_Eberswalde_UAV_AOE,polygon,2021-01,35,-14.632773739377042
20210706_EW_WW_Kaufland_AOE,polygon,2021-01,35,-15.054878881731604
20220226_EW_WW_Campus_Oberheide_AOE,polygon,2021-01,35,-14.397078223351427
2022_Zeynep_BB_Eberswalde_UAV_AOE,polygon,2021-01,35,-14.579574810631941
20220212_Barnekow_3_AOE,polygon,2021-01,35,-16.395204615353066
20220212_Barnekow_5_AOE,polygon,2021-01,35,-16.350906487114997
2022_Zeynep_MV_Barnekow_AOE,polygon,2021-01,35,-15.855715462946678
2022_Zeynep_MV_Bremerhagen_AOE,polygon,2021-01,35,-16.12008030227885
20220209_Bremerhagen_3_AOE,polygon,2021-01,35,-17.08011007715928
20171016_EW_WW_Campus_AOE,ring,2021-01,35,-14.304291932632953
20171114_EW_WW_Bachsee_north_AOE,ring,2021-01,35,-14.34659767990718
2017_Xavier_BB_Eberswalde_UAV_AOE,ring,2021-01,35,-14.409415723509806
20210706_EW_WW_Kaufland_AOE,ring,2021-01,35,-14.743309812355927
20220226_EW_WW_Campus_Oberheide_AOE,ring,2021-01,35,-14.33366675887636
2022_Zeynep_BB_Eberswalde_UAV_AOE,ring,2021-01,35,-14.580391587815784
20220212_Barnekow_3_AOE,ring,2021-01,35,-15.447012051114461
20220212_Barnekow_5_AOE,ring,2021-01,35,-15.548249365645033
2022_Zeynep_MV_Barnekow_AOE,ring,2021-01,35,-15.333226907384343
2022_Zeynep_MV_Bremerhagen_AOE,ring,2021-01,35,-14.989341292330757
20220209_Bremerhagen_3_AOE,ring,2021-01,35,-15.236349949795882
20171016_EW_WW_Campus_AOE,polygon,2021-02,32,-16.08251135576413
20171114_EW_WW_Bachsee_north_AOE,polygon,2021-02,32,-15.037903704957703
2017_Xavier_BB_Eberswalde_UAV_AOE,polygon,2021-02,32,-15.665340432708902
20210706_EW_WW_Kaufland_AOE,polygon,2021-02,32,-16.130138681867802
20220226_EW_WW_Campus_Oberheide_AOE,polygon,2021-02,32,-15.319765722370935
2022_Zeynep_BB_Eberswalde_UAV_AOE,polygon,2021-02,32,-15.469095971763684
20220212_Barnekow_3_AOE,polygon,2021-02,32,-17.22873426113244
20220212_Barnekow_5_AOE,polygon,2021-02,32,-16.98341819304103
2022_Zeynep_MV_Barnekow_AOE,polygon,2021-02,32,-16.793224913691624
2022_Zeynep_MV_Bremerhagen_AOE,polygon,2021-02,32,-17.056853521431854
20220209_Bremerhagen_3_AOE,polygon,2021-02,32,-17.49344064953072
20171016_EW_WW_Campus_AOE,ring,2021-02,32,-15.02196230278641
20171114_EW_WW_Bachsee_north_AOE,ring,2021-02,32,-15.328076718841253
2017_Xavier_BB_Eberswalde_UAV_AOE,ring,2021-02,32,-15.25536767254064
20210706_EW_WW_Kaufland_AOE,ring,2021-02,32,-15.578080089343675
20220226_EW_WW_Campus_Oberheide_AOE,ring,2021-02,32,-15.073704565590736
2022_Zeynep_BB_Eberswalde_UAV_AOE,ring,2021-02,32,-15.453378460381886
20220212_Barnekow_3_AOE,ring,2021-02,32,-16.148880591890162
20220212_Barnekow_5_AOE,ring,2021-02,32,-16.27057986146153
2022_Zeynep_MV_Barnekow_AOE,ring,2021-02,32,-16.153938440383193
2022_Zeynep_MV_Bremerhagen_AOE,ring,2021-02,32,-15.925647078070124
20220209_Bremerhagen_3_AOE,ring,2021-02,32,-16.106512588814457
20171016_EW_WW_Campus_AOE,polygon,2021-03,41,-15.837843567082677
20171114_EW_WW_Bachsee_north_AOE,polygon,2021-03,41,-14.39060814256303
2017_Xavier_BB_Eberswalde_UAV_AOE,polygon,2021-03,41,-15.19673565501655
20210706_EW_WW_Kaufland_AOE,polygon,2021-03,41,-15.876076650405286
20220226_EW_WW_Campus_Oberheide_AOE,polygon,2021-03,41,-14.989606708347948
2022_Zeynep_BB_Eberswalde_UAV_AOE,polygon,2021-03,41,-15.164891345945376
20220212_Barnekow_3_AOE,polygon,2021-03,41,-16.785017977497713
20220212_Barnekow_5_AOE,polygon,2021-03,41,-16.483800817450724
2022_Zeynep_MV_Barnekow_AOE,polygon,2021-03,41,-16.05661049310423
2022_Zeynep_MV_Bremerhagen_AOE,polygon,2021-03,41,-16.40313146868917
20220209_Bremerhagen_3_AOE,polygon,2021-03,41,-16.5843625206113
20171016_EW_WW_Campus_AOE,ring,2021-03,41,-14.67103814278757
20171114_EW_WW_Bachsee_north_AOE,ring,2021-03,41,-14.572372999498773
2017_Xavier_BB_Eberswalde_UAV_AOE,ring,2021-03,41,-14.714214996266719
20210706_EW_WW_Kaufland_AOE,ring,2021-03,41,-15.20757067001202
20220226_EW_WW_Campus_Oberheide_AOE,ring,2021-03,41,-14.730536731142346
2022_Zeynep_BB_Eberswalde_UAV_AOE,ring,2021-03,41,-14.967262096297132
20220212_Barnekow_3_AOE,ring,2021-03,41,-15.563723191914194
20220212_Barnekow_5_AOE,ring,2021-03,41,-15.675908106243932
2022_Zeynep_MV_Barnekow_AOE,ring,2021-03,41,-15.49389121179089
2022_Zeynep_MV_Bremerhagen_AOE,ring,2021-03,41,-15.170012982442485
20220209_Bremerhagen_3_AOE,ring,2021-03,41,-15.373351417708301
20171016_EW_WW_Campus_AOE,polygon,2021-04,38,-15.487308398870667
20171114_EW_WW_Bachsee_north_AOE,polygon,2021-04,38,-14.067999924236748
2017_Xavier_BB_Eberswalde_UAV_AOE,polygon,2021-04,38,-14.89628542482252
20210706_EW_WW_Kaufland_AOE,polygon,2021-04,38,-15.912811684876802
20220226_EW_WW_Campus_Oberheide_AOE,polygon,2021-04,38,-14.553152812588388
2022_Zeynep_BB_Eberswalde_UAV_AOE,polygon,2021-04,38,-14.707983551334939
20220212_Barnekow_3_AOE,polygon,2021-04,38,-16.35389406472308
20220212_Barnekow_5_AOE,polygon,2021-04,38,-16.35299046327959
2022_Zeynep_MV_Barnekow_AOE,polygon,2021-04,38,-15.894139324838495
2022_Zeynep_MV_Bremerhagen_AOE,polygon,2021-04,38,-16.08981628562051
20220209_Bremerhagen_3_AOE,polygon,2021-04,38,-17.064387130591975
20171016_EW_WW_Campus_AOE,ring,2021-04,38,-14.225394780711278
20171114_EW_WW_Bachsee_north_AOE,ring,2021-04,38,-14.24716655653177
2017_Xavier_BB_Eberswalde_UAV_AOE,ring,2021-04,38,-14.31914977715683
20210706_EW_WW_Kaufland_AOE,ring,2021-04,38,-14.765715874585377
20220226_EW_WW_Campus_Oberheide_AOE,ring,2021-04,38,-14.293068008698155
2022_Zeynep_BB_Eberswalde_UAV_AOE,ring,2021-04,38,-14.545418154279817
20220212_Barnekow_3_AOE,ring,2021-04,38,-15.286904756787719
20220212_Barnekow_5_AOE,ring,2021-04,38,-15.451776058096545
2022_Zeynep_MV_Barnekow_AOE,ring,2021-04,38,-15.246509847089586
2022_Zeynep_MV_Bremerhagen_AOE,ring,2021-04,38,-14.8698208080829
20220209_Bremerhagen_3_AOE,ring,2021-04,38,-15.065236948811203
20171016_EW_WW_Campus_AOE,polygon,2021-05,42,-15.575373671568316
20171114_EW_WW_Bachsee_north_AOE,polygon,2021-05,42,-14.93939405000256
2017_Xavier_BB_Eberswalde_UAV_AOE,polygon,2021-05,42,-15.367107309883806
20210706_EW_WW_Kaufland_AOE,polygon,2021-05,42,-15.894235329446154
20220226_EW_WW_Campus_Oberheide_AOE,polygon,2021-05,42,-15.001987736380332
2022_Zeynep_BB_Eberswalde_UAV_AOE,polygon,2021-05,42,-15.123696146456714
20220212_Barnekow_3_AOE,polygon,2021-05,42,-15.775599570810629
20220212_Barnekow_5_AOE,polygon,2021-05,42,-15.851648703180746
2022_Zeynep_MV_Barnekow_AOE,polygon,2021-05,42,-15.404896708609813
2022_Zeynep_MV_Bremerhagen_AOE,polygon,2021-05,42,-15.669694022793545
20220209_Bremerhagen_3_AOE,polygon,2021-05,42,-15.88718432678117
20171016_EW_WW_Campus_AOE,ring,2021-05,42,-14.779126284332447
20171114_EW_WW_Bachsee_north_AOE,ring,2021-05,42,-14.791681461993964
2017_Xavier_BB_Eberswalde_UAV_AOE,ring,2021-05,42,-14.802233803218963
20210706_EW_WW_Kaufland_AOE,ring,2021-05,42,-15.039235536911162
20220226_EW_WW_Campus_Oberheide_AOE,ring,2021-05,42,-14.758343656707934
2022_Zeynep_BB_Eberswalde_UAV_AOE,ring,2021-05,42,-14.812530666472304
20220212_Barnekow_3_AOE,ring,2021-05,42,-15.15006578647062
20220212_Barnekow_5_AOE,ring,2021-05,42,-15.363012069603634
2022_Zeynep_MV_Barnekow_AOE,ring,2021-05,42,-15.210384774437196
2022_Zeynep_MV_Bremerhagen_AOE,ring,2021-05,42,-15.080213716407926
20220209_Bremerhagen_3_AOE,ring,2021-05,42,-15.196163416190725
20171016_EW_WW_Campus_AOE,polygon,2021-06,40,-16.203645705683982
20171114_EW_WW_Bachsee_north_AOE,polygon,2021-06,40,-15.509326185495008
2017_Xavier_BB_Eberswalde_UAV_AOE,polygon,2021-06,40,-15.941931515955988
20210706_EW_WW_Kaufland_AOE,polygon,2021-06,40,-16.754954410920273
20220226_EW_WW_Campus_Oberheide_AOE,polygon,2021-06,40,-15.314291229982974
2022_Zeynep_BB_Eberswalde_UAV_AOE,polygon,2021-06,40,-15.55921787436451
20220212_Barnekow_3_AOE,polygon,2021-06,40,-15.602283043405018
20220212_Barnekow_5_AOE,polygon,2021-06,40,-15.42484411525012
2022_Zeynep_MV_Barnekow_AOE,polygon,2021-06,40,-15.120320571965511
2022_Zeynep_MV_Bremerhagen_AOE,polygon,2021-06,40,-15.161574564771698
20220209_Bremerhagen_3_AOE,polygon,2021-06,40,-15.472555717459462
20171016_EW_WW_Campus_AOE,ring,2021-06,40,-15.284647642159426
20171114_EW_WW_Bachsee_north_AOE,ring,2021-06,40,-15.039873056992898
2017_Xavier_BB_Eberswalde_UAV_AOE,ring,2021-06,40,-15.186054090262916
20210706_EW_WW_Kaufland_AOE,ring,2021-06,40,-15.502661765337114
20220226_EW_WW_Campus_Oberheide_AOE,ring,2021-06,40,-15.27407531546606
2022_Zeynep_BB_Eberswalde_UAV_AOE,ring,2021-06,40,-15.237623009931024
20220212_Barnekow_3_AOE,ring,2021-06,40,-15.031682566787268
20220212_Barnekow_5_AOE,ring,2021-06,40,-15.356114849715084
2022_Zeynep_MV_Barnekow_AOE,ring,2021-06,40,-15.244177105451396
2022_Zeynep_MV_Bremerhagen_AOE,ring,2021-06,40,-15.276642553435108
20220209_Bremerhagen_3_AOE,ring,2021-06,40,-15.246128128608419
20171016_EW_WW_Campus_AOE,polygon,2021-07,42,-15.900685426698058
20171114_EW_WW_Bachsee_north_AOE,polygon,2021-07,42,-15.28803210276689
2017_Xavier_BB_Eberswalde_UAV_AOE,polygon,2021-07,42,-15.678157346861719
20210706_EW_WW_Kaufland_AOE,polygon,2021-07,42,-16.258105143928795
20220226_EW_WW_Campus_Oberheide_AOE,polygon,2021-07,42,-15.14823754340934
2022_Zeynep_BB_Eberswalde_UAV_AOE,polygon,2021-07,42,-15.379986483662634
20220212_Barnekow_3_AOE,polygon,2021-07,42,-15.514323230820958
20220212_Barnekow_5_AOE,polygon,2021-07,42,-15.49438200433449
2022_Zeynep_MV_Barnekow_AOE,polygon,2021-07,42,-15.155597727180394
2022_Zeynep_MV_Bremerhagen_AOE,polygon,2021-07,42,-15.38897948897758
20220209_Bremerhagen_3_AOE,polygon,2021-07,42,-15.741924448294556
20171016_EW_WW_Campus_AOE,ring,2021-07,42,-15.187474927159796
20171114_EW_WW_Bachsee_north_AOE,ring,2021-07,42,-15.001850072231349
2017_Xavier_BB_Eberswalde_UAV_AOE,ring,2021-07,42,-15.119893994486334
20210706_EW_WW_Kaufland_AOE,ring,2021-07,42,-15.461681602647355
20220226_EW_WW_Campus_Oberheide_AOE,ring,2021-07,42,-15.182242751129206
2022_Zeynep_BB_Eberswalde_UAV_AOE,ring,2021-07,42,-15.167070517466358
20220212_Barnekow_3_AOE,ring,2021-07,42,-14.975115244975253
20220212_Barnekow_5_AOE,ring,2021-07,42,-15.243851919264056
2022_Zeynep_MV_Barnekow_AOE,ring,2021-07,42,-15.201503285050833
2022_Zeynep_MV_Bremerhagen_AOE,ring,2021-07,42,-15.295634770185025
20220209_Bremerhagen_3_AOE,ring,2021-07,42,-15.278729294510457
20171016_EW_WW_Campus_AOE,polygon,2021-08,40,-15.746737420161185
20171114_EW_WW_Bachsee_north_AOE,polygon,2021-08,40,-15.393334173322406
2017_Xavier_BB_Eberswalde_UAV_AOE,polygon,2021-08,40,-15.67799131077582
20210706_EW_WW_Kaufland_AOE,polygon,2021-08,40,-16.361254523880664
20220226_EW_WW_Campus_Oberheide_AOE,polygon,2021-08,40,-15.2088151392288
2022_Zeynep_BB_Eberswalde_UAV_AOE,polygon,2021-08,40,-15.410609259550167
20220212_Barnekow_3_AOE,polygon,2021-08,40,-15.58424011713207
20220212_Barnekow_5_AOE,polygon,2021-08,40,-15.828649527747723
2022_Zeynep_MV_Barnekow_AOE,polygon,2021-08,40,-15.613938120849784
2022_Zeynep_MV_Bremerhagen_AOE,polygon,2021-08,40,-15.883731688960962
20220209_Bremerhagen_3_AOE,polygon,2021-08,40,-16.051241758852928
20171016_EW_WW_Campus_AOE,ring,2021-08,40,-15.316698597321201
20171114_EW_WW_Bachsee_north_AOE,ring,2021-08,40,-15.135953141889384
2017_Xavier_BB_Eberswalde_UAV_AOE,ring,2021-08,40,-15.26437787135754
20210706_EW_WW_Kaufland_AOE,ring,2021-08,40,-15.671869121565775
20220226_EW_WW_Campus_Oberheide_AOE,ring,2021-08,40,-15.307358457364542
2022_Zeynep_BB_Eberswalde_UAV_AOE,ring,2021-08,40,-15.307839772350807
20220212_Barnekow_3_AOE,ring,2021-08,40,-15.412958026189452
20220212_Barnekow_5_AOE,ring,2021-08,40,-15.606118119828793
2022_Zeynep_MV_Barnekow_AOE,ring,2021-08,40,-15.632545147363812
2022_Zeynep_MV_Bremerhagen_AOE,ring,2021-08,40,-15.710415500080906
20220209_Bremerhagen_3_AOE,ring,2021-08,40,-15.671066207025838
20171016_EW_WW_Campus_AOE,polygon,2021-09,40,-16.38125045445504
20171114_EW_WW_Bachsee_north_AOE,polygon,2021-09,40,-15.669566963012795
2017_Xavier_BB_Eberswalde_UAV_AOE,polygon,2021-09,40,-16.09902167779233
20210706_EW_WW_Kaufland_AOE,polygon,2021-09,40,-16.263778638225613
20220226_EW_WW_Campus_Oberheide_AOE,polygon,2021-09,40,-15.776439062969509
2022_Zeynep_BB_Eberswalde_UAV_AOE,polygon,2021-09,40,-15.940880430666775
20220212_Barnekow_3_AOE,polygon,2021-09,40,-16.195162818444732
20220212_Barnekow_5_AOE,polygon,2021-09,40,-16.026591023596072
2022_Zeynep_MV_Barnekow_AOE,polygon,2021-09,40,-15.896598235805143
2022_Zeynep_MV_Bremerhagen_AOE,polygon,2021-09,40,-16.001997551561402
20220209_Bremerhagen_3_AOE,polygon,2021-09,40,-16.544412044394722
20171016_EW_WW_Campus_AOE,ring,2021-09,40,-15.690070626985515
20171114_EW_WW_Bachsee_north_AOE,ring,2021-09,40,-15.433822735961948
2017_Xavier_BB_Eberswalde_UAV_AOE,ring,2021-09,40,-15.569173143851794
20210706_EW_WW_Kaufland_AOE,ring,2021-09,40,-15.869378208768701
20220226_EW_WW_Campus_Oberheide_AOE,ring,2021-09,40,-15.681503283670876
2022_Zeynep_BB_Eberswalde_UAV_AOE,ring,2021-09,40,-15.586110564476792
20220212_Barnekow_3_AOE,ring,2021-09,40,-15.617995823526423
20220212_Barnekow_5_AOE,ring,2021-09,40,-15.798807754243363
2022_Zeynep_MV_Barnekow_AOE,ring,2021-09,40,-15.85471710250422
2022_Zeynep_MV_Bremerhagen_AOE,ring,2021-09,40,-15.833535887267656
20220209_Bremerhagen_3_AOE,ring,2021-09,40,-15.815854987005707
20171016_EW_WW_Campus_AOE,polygon,2021-10,41,-16.364503285453047
20171114_EW_WW_Bachsee_north_AOE,polygon,2021-10,41,-15.961286922241891
2017_Xavier_BB_Eberswalde_UAV_AOE,polygon,2021-10,41,-16.143243605661603
20210706_EW_WW_Kaufland_AOE,polygon,2021-10,41,-16.670006805899963
20220226_EW_WW_Campus_Oberheide_AOE,polygon,2021-10,41,-15.879328112520472
2022_Zeynep_BB_Eberswalde_UAV_AOE,polygon,2021-10,41,-16.091207545527876
20220212_Barnekow_3_AOE,polygon,2021-10,41,-16.280626195292655
20220212_Barnekow_5_AOE,polygon,2021-10,41,-16.239124363674563
2022_Zeynep_MV_Barnekow_AOE,polygon,2021-10,41,-16.191202482861318
2022_Zeynep_MV_Bremerhagen_AOE,polygon,2021-10,41,-16.37205690033124
20220209_Bremerhagen_3_AOE,polygon,2021-10,41,-16.937881590792152
20171016_EW_WW_Campus_AOE,ring,2021-10,41,-15.830844794729542
20171114_EW_WW_Bachsee_north_AOE,ring,2021-10,41,-15.663930338588496
2017_Xavier_BB_Eberswalde_UAV_AOE,ring,2021-10,41,-15.735710998473436
20210706_EW_WW_Kaufland_AOE,ring,2021-10,41,-16.010442208475858
20220226_EW_WW_Campus_Oberheide_AOE,ring,2021-10,41,-15.838671521356282
2022_Zeynep_BB_Eberswalde_UAV_AOE,ring,2021-10,41,-15.773492125326792
20220212_Barnekow_3_AOE,ring,2021-10,41,-15.989441184778316
20220212_Barnekow_5_AOE,ring,2021-10,41,-16.044778070846313
2022_Zeynep_MV_Barnekow_AOE,ring,2021-10,41,-16.067381183064388
2022_Zeynep_MV_Bremerhagen_AOE,ring,2021-10,41,-16.022602759118108
20220209_Bremerhagen_3_AOE,ring,2021-10,41,-16.02863055274627
20171016_EW_WW_Campus_AOE,polygon,2021-11,40,-14.80329427899605
20171114_EW_WW_Bachsee_north_AOE,polygon,2021-11,40,-13.929902314219184
2017_Xavier_BB_Eberswalde_UAV_AOE,polygon,2021-11,40,-14.425765111844882
20210706_EW_WW_Kaufland_AOE,polygon,2021-11,40,-14.785281364275923
20220226_EW_WW_Campus_Oberheide_AOE,polygon,2021-11,40,-14.320344360298439
2022_Zeynep_BB_Eberswalde_UAV_AOE,polygon,2021-11,40,-14.46204028457869
20220212_Barnekow_3_AOE,polygon,2021-11,40,-15.892686691853623
20220212_Barnekow_5_AOE,polygon,2021-11,40,-15.916441973602856
2022_Zeynep_MV_Barnekow_AOE,polygon,2021-11,40,-15.90507482036904
2022_Zeynep_MV_Bremerhagen_AOE,polygon,2021-11,40,-16.352301896526335
20220209_Bremerhagen_3_AOE,polygon,2021-11,40,-16.732338816015446
20171016_EW_WW_Campus_AOE,ring,2021-11,40,-14.245877383474738
20171114_EW_WW_Bachsee_north_AOE,ring,2021-11,40,-14.132254298865977
2017_Xavier_BB_Eberswalde_UAV_AOE,ring,2021-11,40,-14.275674380356076
20210706_EW_WW_Kaufland_AOE,ring,2021-11,40,-14.736493864483748
20220226_EW_WW_Campus_Oberheide_AOE,ring,2021-11,40,-14.250416748841067
2022_Zeynep_BB_Eberswalde_UAV_AOE,ring,2021-11,40,-14.503529990252966
20220212_Barnekow_3_AOE,ring,2021-11,40,-15.259649925470189
20220212_Barnekow_5_AOE,ring,2021-11,40,-15.340683426615161
2022_Zeynep_MV_Barnekow_AOE,ring,2021-11,40,-15.275144383330368
2022_Zeynep_MV_Bremerhagen_AOE,ring,2021-11,40,-14.97625551057297
20220209_Bremerhagen_3_AOE,ring,2021-11,40,-15.188083933233457
20171016_EW_WW_Campus_AOE,polygon,2021-12,36,-15.549745485913107
20171114_EW_WW_Bachsee_north_AOE,polygon,2021-12,36,-14.467948821623235
2017_Xavier_BB_Eberswalde_UAV_AOE,polygon,2021-12,36,-15.089615950935778
20210706_EW_WW_Kaufland_AOE,polygon,2021-12,36,-15.226323630621513
20220226_EW_WW_Campus_Oberheide_AOE,polygon,2021-12,36,-14.930644993516156
2022_Zeynep_BB_Eberswalde_UAV_AOE,polygon,2021-12,36,-15.093797411382635
20220212_Barnekow_3_AOE,polygon,2021-12,36,-16.413012206754452
20220212_Barnekow_5_AOE,polygon,2021-12,36,-16.384531635557092
2022_Zeynep_MV_Barnekow_AOE,polygon,2021-12,36,-16.32388450299629
2022_Zeynep_MV_Bremerhagen_AOE,polygon,2021-12,36,-16.836544233539374
20220209_Bremerhagen_3_AOE,polygon,2021-12,36,-17.45614579832271
20171016_EW_WW_Campus_AOE,ring,2021-12,36,-14.731156833872102
20171114_EW_WW_Bachsee_north_AOE,ring,2021-12,36,-14.707404128196897
2017_Xavier_BB_Eberswalde_UAV_AOE,ring,2021-12,36,-14.789752623472976
20210706_EW_WW_Kaufland_AOE,ring,2021-12,36,-15.111426215477074
20220226_EW_WW_Campus_Oberheide_AOE,ring,2021-12,36,-14.773274791568157
2022_Zeynep_BB_Eberswalde_UAV_AOE,ring,2021-12,36,-15.050858533393143
20220212_Barnekow_3_AOE,ring,2021-12,36,-15.575253894375194
20220212_Barnekow_5_AOE,ring,2021-12,36,-15.679095332940538
2022_Zeynep_MV_Barnekow_AOE,ring,2021-12,36,-15.585909816547947
2022_Zeynep_MV_Bremerhagen_AOE,ring,2021-12,36,-15.398969860935852
20220209_Bremerhagen_3_AOE,ring,2021-12,36,-15.63004056691907
20171016_EW_WW_Campus_AOE,polygon,2022-01,21,-14.437525515800234
20171114_EW_WW_Bachsee_north_AOE,polygon,2022-01,21,-13.558274660477752
2017_Xavier_BB_Eberswalde_UAV_AOE,polygon,2022-01,21,-14.160387246492613
20210706_EW_WW_Kaufland_AOE,polygon,2022-01,21,-15.212049532133523
20220226_EW_WW_Campus_Oberheide_AOE,polygon,2022-01,21,-14.049465518887658
2022_Zeynep_BB_Eberswalde_UAV_AOE,polygon,2022-01,21,-14.318816526320402
20220212_Barnekow_3_AOE,polygon,2022-01,21,-16.62266354717796
20220212_Barnekow_5_AOE,polygon,2022-01,21,-16.535917738240013
2022_Zeynep_MV_Barnekow_AOE,polygon,2022-01,21,-16.283104867146605
2022_Zeynep_MV_Bremerhagen_AOE,polygon,2022-01,21,-16.628530842153253
20220209_Bremerhagen_3_AOE,polygon,2022-01,21,-17.147787823368652
20171016_EW_WW_Campus_AOE,ring,2022-01,21,-14.068924631784236
20171114_EW_WW_Bachsee_north_AOE,ring,2022-01,21,-14.101962212680721
2017_Xavier_BB_Eberswalde_UAV_AOE,ring,2022-01,21,-14.160592689474111
20210706_EW_WW_Kaufland_AOE,ring,2022-01,21,-14.507672117503141
20220226_EW_WW_Campus_Oberheide_AOE,ring,2022-01,21,-14.104176423968331
2022_Zeynep_BB_Eberswalde_UAV_AOE,ring,2022-01,21,-14.41682926159964
20220212_Barnekow_3_AOE,ring,2022-01,21,-15.55483436470686
20220212_Barnekow_5_AOE,ring,2022-01,21,-15.660407454743078
2022_Zeynep_MV_Barnekow_AOE,ring,2022-01,21,-15.511240675645377
2022_Zeynep_MV_Bremerhagen_AOE,ring,2022-01,21,-15.174128160811463
20220209_Bremerhagen_3_AOE,ring,2022-01,21,-15.402737156651627
20171016_EW_WW_Campus_AOE,polygon,2022-02,19,-14.798748271159583
20171114_EW_WW_Bachsee_north_AOE,polygon,2022-02,19,-13.562903646364246
2017_Xavier_BB_Eberswalde_UAV_AOE,polygon,2022-02,19,-14.309459463783064
20210706_EW_WW_Kaufland_AOE,polygon,2022-02,19,-14.87300951499819
20220226_EW_WW_Campus_Oberheide_AOE,polygon,2022-02,19,-14.123161805576919
2022_Zeynep_BB_Eberswalde_UAV_AOE,polygon,2022-02,19,-14.380187821949235
20220212_Barnekow_3_AOE,polygon,2022-02,19,-16.1978604990058
20220212_Barnekow_5_AOE,polygon,2022-02,19,-16.03239412683291
2022_Zeynep_MV_Barnekow_AOE,polygon,2022-02,19,-15.63720941131738
2022_Zeynep_MV_Bremerhagen_AOE,polygon,2022-02,19,-16.05409082651478
20220209_Bremerhagen_3_AOE,polygon,2022-02,19,-17.18701870463345
20171016_EW_WW_Campus_AOE,ring,2022-02,19,-14.104366775812183
20171114_EW_WW_Bachsee_north_AOE,ring,2022-02,19,-14.043851119255224
2017_Xavier_BB_Eberswalde_UAV_AOE,ring,2022-02,19,-14.165522339078017
20210706_EW_WW_Kaufland_AOE,ring,2022-02,19,-14.522814801593425
20220226_EW_WW_Campus_Oberheide_AOE,ring,2022-02,19,-14.12253559517246
2022_Zeynep_BB_Eberswalde_UAV_AOE,ring,2022-02,19,-14.38454485333944
20220212_Barnekow_3_AOE,ring,2022-02,19,-15.13876366905925
20220212_Barnekow_5_AOE,ring,2022-02,19,-15.160910810905559
2022_Zeynep_MV_Barnekow_AOE,ring,2022-02,19,-15.139577976563382
2022_Zeynep_MV_Bremerhagen_AOE,ring,2022-02,19,-14.77536666021693
20220209_Bremerhagen_3_AOE,ring,2022-02,19,-14.96847035376922
20171016_EW_WW_Campus_AOE,polygon,2022-03,21,-16.126117325046287
20171114_EW_WW_Bachsee_north_AOE,polygon,2022-03,21,-14.549689406038397
2017_Xavier_BB_Eberswalde_UAV_AOE,polygon,2022-03,21,-15.47632579389862
20210706_EW_WW_Kaufland_AOE,polygon,2022-03,21,-16.775121247128336
20220226_EW_WW_Campus_Oberheide_AOE,polygon,2022-03,21,-15.293399748249437
2022_Zeynep_BB_Eberswalde_UAV_AOE,polygon,2022-03,21,-15.429636590198651
20220212_Barnekow_3_AOE,polygon,2022-03,21,-18.025426807569215
20220212_Barnekow_5_AOE,polygon,2022-03,21,-17.73992438358283
2022_Zeynep_MV_Barnekow_AOE,polygon,2022-03,21,-17.512760995691213
2022_Zeynep_MV_Bremerhagen_AOE,polygon,2022-03,21,-17.053395201139267
20220209_Bremerhagen_3_AOE,polygon,2022-03,21,-18.53007749209666
20171016_EW_WW_Campus_AOE,ring,2022-03,21,-14.905136777564152
20171114_EW_WW_Bachsee_north_AOE,ring,2022-03,21,-14.800178124580105
2017_Xavier_BB_Eberswalde_UAV_AOE,ring,2022-03,21,-14.936677696149989
20210706_EW_WW_Kaufland_AOE,ring,2022-03,21,-15.407552448624239
20220226_EW_WW_Campus_Oberheide_AOE,ring,2022-03,21,-14.981548225150549
2022_Zeynep_BB_Eberswalde_UAV_AOE,ring,2022-03,21,-15.215222925166415
20220212_Barnekow_3_AOE,ring,2022-03,21,-15.86954332489564
20220212_Barnekow_5_AOE,ring,2022-03,21,-15.967656668588553
2022_Zeynep_MV_Barnekow_AOE,ring,2022-03,21,-15.823655183581439
2022_Zeynep_MV_Bremerhagen_AOE,ring,2022-03,21,-15.366813665294748
20220209_Bremerhagen_3_AOE,ring,2022-03,21,-15.581934256640695
20171016_EW_WW_Campus_AOE,polygon,2022-04,17,-15.505801053042044
20171114_EW_WW_Bachsee_north_AOE,polygon,2022-04,17,-13.988378250212834
2017_Xavier_BB_Eberswalde_UAV_AOE,polygon,2022-04,17,-14.914228742419311
20210706_EW_WW_Kaufland_AOE,polygon,2022-04,17,-16.32026109584396
20220226_EW_WW_Campus_Oberheide_AOE,polygon,2022-04,17,-14.713189385533752
2022_Zeynep_BB_Eberswalde_UAV_AOE,polygon,2022-04,17,-14.885954822235819
20220212_Barnekow_3_AOE,polygon,2022-04,17,-17.99340249353631
20220212_Barnekow_5_AOE,polygon,2022-04,17,-18.82178817051613
2022_Zeynep_MV_Barnekow_AOE,polygon,2022-04,17,-17.560271231094017
2022_Zeynep_MV_Bremerhagen_AOE,polygon,2022-04,17,-17.229064856783904
20220209_Bremerhagen_3_AOE,polygon,2022-04,17,-18.461954195692545
20171016_EW_WW_Campus_AOE,ring,2022-04,17,-14.335669111177884
20171114_EW_WW_Bachsee_north_AOE,ring,2022-04,17,-14.29202918448524
2017_Xavier_BB_Eberswalde_UAV_AOE,ring,2022-04,17,-14.416146350636064
20210706_EW_WW_Kaufland_AOE,ring,2022-04,17,-14.950171975018772
20220226_EW_WW_Campus_Oberheide_AOE,ring,2022-04,17,-14.388752611646176
2022_Zeynep_BB_Eberswalde_UAV_AOE,ring,2022-04,17,-14.6741385712431
20220212_Barnekow_3_AOE,ring,2022-04,17,-15.587077333111708
20220212_Barnekow_5_AOE,ring,2022-04,17,-15.69668554567986
2022_Zeynep_MV_Barnekow_AOE,ring,2022-04,17,-15.540533274539843
2022_Zeynep_MV_Bremerhagen_AOE,ring,2022-04,17,-15.124135025220518
20220209_Bremerhagen_3_AOE,ring,2022-04,17,-15.337238694694513
20171016_EW_WW_Campus_AOE,polygon,2022-05,20,-16.08728952411751
20171114_EW_WW_Bachsee_north_AOE,polygon,2022-05,20,-15.609501832949347
2017_Xavier_BB_Eberswalde_UAV_AOE,polygon,2022-05,20,-15.859176732957977
20210706_EW_WW_Kaufland_AOE,polygon,2022-05,20,-16.38976222052767
20220226_EW_WW_Campus_Oberheide_AOE,polygon,2022-05,20,-15.642592037258392
2022_Zeynep_BB_Eberswalde_UAV_AOE,polygon,2022-05,20,-15.701767717555404
20220212_Barnekow_3_AOE,polygon,2022-05,20,-17.756103745603582
20220212_Barnekow_5_AOE,polygon,2022-05,20,-18.569292717664567
2022_Zeynep_MV_Barnekow_AOE,polygon,2022-05,20,-17.026217234333924
2022_Zeynep_MV_Bremerhagen_AOE,polygon,2022-05,20,-16.993035012272056
20220209_Bremerhagen_3_AOE,polygon,2022-05,20,-18.20954344365443
20171016_EW_WW_Campus_AOE,ring,2022-05,20,-15.269224909081451
20171114_EW_WW_Bachsee_north_AOE,ring,2022-05,20,-15.093401285343834
2017_Xavier_BB_Eberswalde_UAV_AOE,ring,2022-05,20,-15.185557757865853
20210706_EW_WW_Kaufland_AOE,ring,2022-05,20,-15.409799812986762
20220226_EW_WW_Campus_Oberheide_AOE,ring,2022-05,20,-15.268475934417527
2022_Zeynep_BB_Eberswalde_UAV_AOE,ring,2022-05,20,-15.214517930944238
20220212_Barnekow_3_AOE,ring,2022-05,20,-15.43242428959958
20220212_Barnekow_5_AOE,ring,2022-05,20,-15.73897177315252
2022_Zeynep_MV_Barnekow_AOE,ring,2022-05,20,-15.550128290794692
2022_Zeynep_MV_Bremerhagen_AOE,ring,2022-05,20,-15.370676865203462
20220209_Bremerhagen_3_AOE,ring,2022-05,20,-15.55176855722004
20171016_EW_WW_Campus_AOE,polygon,2022-06,20,-15.518834823683704
20171114_EW_WW_Bachsee_north_AOE,polygon,2022-06,20,-14.865001457304414
2017_Xavier_BB_Eberswalde_UAV_AOE,polygon,2022-06,20,-15.295534562254204
20210706_EW_WW_Kaufland_AOE,polygon,2022-06,20,-15.882282576721384
20220226_EW_WW_Campus_Oberheide_AOE,polygon,2022-06,20,-15.034711112741721
2022_Zeynep_BB_Eberswalde_UAV_AOE,polygon,2022-06,20,-15.130901165089886
20220212_Barnekow_3_AOE,polygon,2022-06,20,-17.65472854446642
20220212_Barnekow_5_AOE,polygon,2022-06,20,-18.14709924997009
2022_Zeynep_MV_Barnekow_AOE,polygon,2022-06,20,-16.87745018023983
2022_Zeynep_MV_Bremerhagen_AOE,polygon,2022-06,20,-16.916488360628122
20220209_Bremerhagen_3_AOE,polygon,2022-06,20,-17.770909966771377
20171016_EW_WW_Campus_AOE,ring,2022-06,20,-14.875066318375167
20171114_EW_WW_Bachsee_north_AOE,ring,2022-06,20,-14.608503705512055
2017_Xavier_BB_Eberswalde_UAV_AOE,ring,2022-06,20,-14.83606441840897
20210706_EW_WW_Kaufland_AOE,ring,2022-06,20,-15.356811865794873
20220226_EW_WW_Campus_Oberheide_AOE,ring,2022-06,20,-14.841536762438379
2022_Zeynep_BB_Eberswalde_UAV_AOE,ring,2022-06,20,-14.948029295720495
20220212_Barnekow_3_AOE,ring,2022-06,20,-15.278774044510085
20220212_Barnekow_5_AOE,ring,2022-06,20,-15.646306873516084
2022_Zeynep_MV_Barnekow_AOE,ring,2022-06,20,-15.502568856545023
2022_Zeynep_MV_Bremerhagen_AOE,ring,2022-06,20,-15.284515252679512
20220209_Bremerhagen_3_AOE,ring,2022-06,20,-15.321001582171139
20171016_EW_WW_Campus_AOE,polygon,2022-07,22,-15.514155985171813
20171114_EW_WW_Bachsee_north_AOE,polygon,2022-07,22,-15.01343384405221
2017_Xavier_BB_Eberswalde_UAV_AOE,polygon,2022-07,22,-15.365010016472494
20210706_EW_WW_Kaufland_AOE,polygon,2022-07,22,-16.511589981063167
20220226_EW_WW_Campus_Oberheide_AOE,polygon,2022-07,22,-15.005298430359158
2022_Zeynep_BB_Eberswalde_UAV_AOE,polygon,2022-07,22,-15.18124417725504
20220212_Barnekow_3_AOE,polygon,2022-07,22,-17.20515623291512
20220212_Barnekow_5_AOE,polygon,2022-07,22,-16.992531396818684
2022_Zeynep_MV_Barnekow_AOE,polygon,2022-07,22,-16.558135549329762
2022_Zeynep_MV_Bremerhagen_AOE,polygon,2022-07,22,-16.695192120830615
20220209_Bremerhagen_3_AOE,polygon,2022-07,22,-17.353301330500344
20171016_EW_WW_Campus_AOE,ring,2022-07,22,-14.997376023408444
20171114_EW_WW_Bachsee_north_AOE,ring,2022-07,22,-14.899333437698553
2017_Xavier_BB_Eberswalde_UAV_AOE,ring,2022-07,22,-15.037386459681061
20210706_EW_WW_Kaufland_AOE,ring,2022-07,22,-15.493223428235455
20220226_EW_WW_Campus_Oberheide_AOE,ring,2022-07,22,-14.981710630899839
2022_Zeynep_BB_Eberswalde_UAV_AOE,ring,2022-07,22,-15.132187243249264
20220212_Barnekow_3_AOE,ring,2022-07,22,-15.176284905724778
20220212_Barnekow_5_AOE,ring,2022-07,22,-15.432100967458428
2022_Zeynep_MV_Barnekow_AOE,ring,2022-07,22,-15.407260105964692
2022_Zeynep_MV_Bremerhagen_AOE,ring,2022-07,22,-15.231224885506794
20220209_Bremerhagen_3_AOE,ring,2022-07,22,-15.294220266991495
20171016_EW_WW_Campus_AOE,polygon,2022-08,14,-16.07801394169378
20171114_EW_WW_Bachsee_north_AOE,polygon,2022-08,14,-15.201087446591272
2017_Xavier_BB_Eberswalde_UAV_AOE,polygon,2022-08,14,-15.751969389462795
20210706_EW_WW_Kaufland_AOE,polygon,2022-08,14,-16.403760703864616
20220226_EW_WW_Campus_Oberheide_AOE,polygon,2022-08,14,-15.391843581530223
2022_Zeynep_BB_Eberswalde_UAV_AOE,polygon,2022-08,14,-15.496106754029325
20220212_Barnekow_3_AOE,polygon,2022-08,14,-17.158344760806198
20220212_Barnekow_5_AOE,polygon,2022-08,14,-16.66576902079803
2022_Zeynep_MV_Barnekow_AOE,polygon,2022-08,14,-16.69438564960414
2022_Zeynep_MV_Bremerhagen_AOE,polygon,2022-08,14,-16.763544787418045
20220209_Bremerhagen_3_AOE,polygon,2022-08,14,-18.23348661188298
20171016_EW_WW_Campus_AOE,ring,2022-08,14,-15.30871684701567
20171114_EW_WW_Bachsee_north_AOE,ring,2022-08,14,-15.047187427006925
2017_Xavier_BB_Eberswalde_UAV_AOE,ring,2022-08,14,-15.254565063864465
20210706_EW_WW_Kaufland_AOE,ring,2022-08,14,-15.743758113720121
20220226_EW_WW_Campus_Oberheide_AOE,ring,2022-08,14,-15.320145273541455
2022_Zeynep_BB_Eberswalde_UAV_AOE,ring,2022-08,14,-15.422469372210065
20220212_Barnekow_3_AOE,ring,2022-08,14,-15.041170025826876
20220212_Barnekow_5_AOE,ring,2022-08,14,-15.1876045184322
2022_Zeynep_MV_Barnekow_AOE,ring,2022-08,14,-15.26931509844744
2022_Zeynep_MV_Bremerhagen_AOE,ring,2022-08,14,-15.376261266361164
20220209_Bremerhagen_3_AOE,ring,2022-08,14,-15.35472903458553
20171016_EW_WW_Campus_AOE,polygon,2022-09,20,-15.711230661213687
20171114_EW_WW_Bachsee_north_AOE,polygon,2022-09,20,-15.427429117999006
2017_Xavier_BB_Eberswalde_UAV_AOE,polygon,2022-09,20,-15.57163474078937
20210706_EW_WW_Kaufland_AOE,polygon,2022-09,20,-16.320170963332046
20220226_EW_WW_Campus_Oberheide_AOE,polygon,2022-09,20,-15.34990604950372
2022_Zeynep_BB_Eberswalde_UAV_AOE,polygon,2022-09,20,-15.460742492130814
20220212_Barnekow_3_AOE,polygon,2022-09,20,-17.063721920752524
20220212_Barnekow_5_AOE,polygon,2022-09,20,-16.803913850475883
2022_Zeynep_MV_Barnekow_AOE,polygon,2022-09,20,-16.744231337402297
2022_Zeynep_MV_Bremerhagen_AOE,polygon,2022-09,20,-16.738489889439357
20220209_Bremerhagen_3_AOE,polygon,2022-09,20,-18.08377035273916
20171016_EW_WW_Campus_AOE,ring,2022-09,20,-15.29899560821965
20171114_EW_WW_Bachsee_north_AOE,ring,2022-09,20,-15.261154669672019
2017_Xavier_BB_Eberswalde_UAV_AOE,ring,2022-09,20,-15.357773020156571
20210706_EW_WW_Kaufland_AOE,ring,2022-09,20,-15.78386920594777
20220226_EW_WW_Campus_Oberheide_AOE,ring,2022-09,20,-15.2811185450812
2022_Zeynep_BB_Eberswalde_UAV_AOE,ring,2022-09,20,-15.475209712258337
20220212_Barnekow_3_AOE,ring,2022-09,20,-15.573030380786255
20220212_Barnekow_5_AOE,ring,2022-09,20,-15.723680809146838
2022_Zeynep_MV_Barnekow_AOE,ring,2022-09,20,-15.771882635355711
2022_Zeynep_MV_Bremerhagen_AOE,ring,2022-09,20,-15.668146984991148
20220209_Bremerhagen_3_AOE,ring,2022-09,20,-15.634695794950042
20171016_EW_WW_Campus_AOE,polygon,2022-10,20,-15.50939042875199
20171114_EW_WW_Bachsee_north_AOE,polygon,2022-10,20,-15.150476375207045
2017_Xavier_BB_Eberswalde_UAV_AOE,polygon,2022-10,20,-15.3727477658294
20210706_EW_WW_Kaufland_AOE,polygon,2022-10,20,-16.1256341799814
20220226_EW_WW_Campus_Oberheide_AOE,polygon,2022-10,20,-15.205193213421408
2022_Zeynep_BB_Eberswalde_UAV_AOE,polygon,2022-10,20,-15.374549901740512
20220212_Barnekow_3_AOE,polygon,2022-10,20,-17.164999663520206
20220212_Barnekow_5_AOE,polygon,2022-10,20,-16.95819750432824
2022_Zeynep_MV_Barnekow_AOE,polygon,2022-10,20,-17.2951461703109
2022_Zeynep_MV_Bremerhagen_AOE,polygon,2022-10,20,-17.147161493553202
20220209_Bremerhagen_3_AOE,polygon,2022-10,20,-18.424017206646962
20171016_EW_WW_Campus_AOE,ring,2022-10,20,-15.153685705619575
20171114_EW_WW_Bachsee_north_AOE,ring,2022-10,20,-15.067761007541986
2017_Xavier_BB_Eberswalde_UAV_AOE,ring,2022-10,20,-15.155974993574716
20210706_EW_WW_Kaufland_AOE,ring,2022-10,20,-15.48823583130092
20220226_EW_WW_Campus_Oberheide_AOE,ring,2022-10,20,-15.142602308110533
2022_Zeynep_BB_Eberswalde_UAV_AOE,ring,2022-10,20,-15.232532218750285
20220212_Barnekow_3_AOE,ring,2022-10,20,-15.744507259178986
20220212_Barnekow_5_AOE,ring,2022-10,20,-15.882314953241636
2022_Zeynep_MV_Barnekow_AOE,ring,2022-10,20,-15.934538739184626
2022_Zeynep_MV_Bremerhagen_AOE,ring,2022-10,20,-15.865067396930604
20220209_Bremerhagen_3_AOE,ring,2022-10,20,-15.887620805571574
20171016_EW_WW_Campus_AOE,polygon,2022-11,20,-14.817513158275048
20171114_EW_WW_Bachsee_north_AOE,polygon,2022-11,20,-13.968308602854115
2017_Xavier_BB_Eberswalde_UAV_AOE,polygon,2022-11,20,-14.559292103592952
20210706_EW_WW_Kaufland_AOE,polygon,2022-11,20,-15.199451076638644
20220226_EW_WW_Campus_Oberheide_AOE,polygon,2022-11,20,-14.492624223497259
2022_Zeynep_BB_Eberswalde_UAV_AOE,polygon,2022-11,20,-14.628743564780006
20220212_Barnekow_3_AOE,polygon,2022-11,20,-16.4036107740524
20220212_Barnekow_5_AOE,polygon,2022-11,20,-16.746962630258462
2022_Zeynep_MV_Barnekow_AOE,polygon,2022-11,20,-16.75431399882877
2022_Zeynep_MV_Bremerhagen_AOE,polygon,2022-11,20,-16.663410732859177
20220209_Bremerhagen_3_AOE,polygon,2022-11,20,-17.983757117496257
20171016_EW_WW_Campus_AOE,ring,2022-11,20,-14.275695756711308
20171114_EW_WW_Bachsee_north_AOE,ring,2022-11,20,-14.500151869603684
2017_Xavier_BB_Eberswalde_UAV_AOE,ring,2022-11,20,-14.474918542393159
20210706_EW_WW_Kaufland_AOE,ring,2022-11,20,-14.78276561435783
20220226_EW_WW_Campus_Oberheide_AOE,ring,2022-11,20,-14.257081799613772
2022_Zeynep_BB_Eberswalde_UAV_AOE,ring,2022-11,20,-14.642638055892276
20220212_Barnekow_3_AOE,ring,2022-11,20,-15.164695206360596
20220212_Barnekow_5_AOE,ring,2022-11,20,-15.252843544951801
2022_Zeynep_MV_Barnekow_AOE,ring,2022-11,20,-15.26711049633991
2022_Zeynep_MV_Bremerhagen_AOE,ring,2022-11,20,-14.999679851241432
20220209_Bremerhagen_3_AOE,ring,2022-11,20,-15.133595652640743
20171016_EW_WW_Campus_AOE,polygon,2022-12,20,-15.107262016809267
20171114_EW_WW_Bachsee_north_AOE,polygon,2022-12,20,-14.677578103456378
2017_Xavier_BB_Eberswalde_UAV_AOE,polygon,2022-12,20,-14.963050105136748
20210706_EW_WW_Kaufland_AOE,polygon,2022-12,20,-15.469482682191819
20220226_EW_WW_Campus_Oberheide_AOE,polygon,2022-12,20,-14.678683862997078
2022_Zeynep_BB_Eberswalde_UAV_AOE,polygon,2022-12,20,-14.79139005203595
20220212_Barnekow_3_AOE,polygon,2022-12,20,-16.831195869881178
20220212_Barnekow_5_AOE,polygon,2022-12,20,-17.036151017180348
2022_Zeynep_MV_Barnekow_AOE,polygon,2022-12,20,-17.050540313711732
2022_Zeynep_MV_Bremerhagen_AOE,polygon,2022-12,20,-17.405695481608568
20220209_Bremerhagen_3_AOE,polygon,2022-12,20,-18.554570587398636
20171016_EW_WW_Campus_AOE,ring,2022-12,20,-14.47054276678459
20171114_EW_WW_Bachsee_north_AOE,ring,2022-12,20,-14.949717698998205
2017_Xavier_BB_Eberswalde_UAV_AOE,ring,2022-12,20,-14.810213577635215
20210706_EW_WW_Kaufland_AOE,ring,2022-12,20,-15.07282607162341
20220226_EW_WW_Campus_Oberheide_AOE,ring,2022-12,20,-14.499596788496497
2022_Zeynep_BB_Eberswalde_UAV_AOE,ring,2022-12,20,-14.94030610783649
20220212_Barnekow_3_AOE,ring,2022-12,20,-15.861514996260578
20220212_Barnekow_5_AOE,ring,2022-12,20,-15.970723059342077
2022_Zeynep_MV_Barnekow_AOE,ring,2022-12,20,-15.931486856451762
2022_Zeynep_MV_Bremerhagen_AOE,ring,2022-12,20,-15.704938852727208
20220209_Bremerhagen_3_AOE,ring,2022-12,20,-15.890541500660408
20171016_EW_WW_Campus_AOE,polygon,2023-01,21,-14.365922232690371
20171114_EW_WW_Bachsee_north_AOE,polygon,2023-01,21,-13.671432095759435
2017_Xavier_BB_Eberswalde_UAV_AOE,polygon,2023-01,21,-14.047223811209621
20210706_EW_WW_Kaufland_AOE,polygon,2023-01,21,-13.993188062786038
20220226_EW_WW_Campus_Oberheide_AOE,polygon,2023-01,21,-13.99197859096605
2022_Zeynep_BB_Eberswalde_UAV_AOE,polygon,2023-01,21,-14.15283031607758
20220212_Barnekow_3_AOE,polygon,2023-01,21,-15.673525663851937
20220212_Barnekow_5_AOE,polygon,2023-01,21,-15.732018922666828
2022_Zeynep_MV_Barnekow_AOE,polygon,2023-01,21,-15.514041139304057
2022_Zeynep_MV_Bremerhagen_AOE,polygon,2023-01,21,-15.831852086335736
20220209_Bremerhagen_3_AOE,polygon,2023-01,21,-17.152128901933096
20171016_EW_WW_Campus_AOE,ring,2023-01,21,-13.913011398615552
20171114_EW_WW_Bachsee_north_AOE,ring,2023-01,21,-14.124296512811123
2017_Xavier_BB_Eberswalde_UAV_AOE,ring,2023-01,21,-14.091633963399634
20210706_EW_WW_Kaufland_AOE,ring,2023-01,21,-14.367731226554852
20220226_EW_WW_Campus_Oberheide_AOE,ring,2023-01,21,-13.911250471956388
2022_Zeynep_BB_Eberswalde_UAV_AOE,ring,2023-01,21,-14.245389383092633
20220212_Barnekow_3_AOE,ring,2023-01,21,-14.9928982869213
20220212_Barnekow_5_AOE,ring,2023-01,21,-14.940913731519409
2022_Zeynep_MV_Barnekow_AOE,ring,2023-01,21,-14.947098671887549
2022_Zeynep_MV_Bremerhagen_AOE,ring,2023-01,21,-14.705790084178137
20220209_Bremerhagen_3_AOE,ring,2023-01,21,-14.8302854260977
20171016_EW_WW_Campus_AOE,polygon,2023-02,19,-16.03714442011518
20171114_EW_WW_Bachsee_north_AOE,polygon,2023-02,19,-14.552633079884991
2017_Xavier_BB_Eberswalde_UAV_AOE,polygon,2023-02,19,-15.407474939848544
20210706_EW_WW_Kaufland_AOE,polygon,2023-02,19,-16.10620119371071
20220226_EW_WW_Campus_Oberheide_AOE,polygon,2023-02,19,-15.73034815089121
2022_Zeynep_BB_Eberswalde_UAV_AOE,polygon,2023-02,19,-15.67659537682154
20220212_Barnekow_3_AOE,polygon,2023-02,19,-16.82135048224261
20220212_Barnekow_5_AOE,polygon,2023-02,19,-16.58037358354828
2022_Zeynep_MV_Barnekow_AOE,polygon,2023-02,19,-16.720741143729335
2022_Zeynep_MV_Bremerhagen_AOE,polygon,2023-02,19,-16.977872653038464
20220209_Bremerhagen_3_AOE,polygon,2023-02,19,-18.89091408387543
20171016_EW_WW_Campus_AOE,ring,2023-02,19,-15.241934312656097
20171114_EW_WW_Bachsee_north_AOE,ring,2023-02,19,-15.034546458618498
2017_Xavier_BB_Eberswalde_UAV_AOE,ring,2023-02,19,-15.216012051027331
20210706_EW_WW_Kaufland_AOE,ring,2023-02,19,-15.71372014020978
20220226_EW_WW_Campus_Oberheide_AOE,ring,2023-02,19,-15.3303573403001
2022_Zeynep_BB_Eberswalde_UAV_AOE,ring,2023-02,19,-15.603613380167179
20220212_Barnekow_3_AOE,ring,2023-02,19,-15.726501707181795
20220212_Barnekow_5_AOE,ring,2023-02,19,-15.741686932479098
2022_Zeynep_MV_Barnekow_AOE,ring,2023-02,19,-15.751684728288108
2022_Zeynep_MV_Bremerhagen_AOE,ring,2023-02,19,-15.506742452928924
20220209_Bremerhagen_3_AOE,ring,2023-02,19,-15.636134050457636
20171016_EW_WW_Campus_AOE,polygon,2023-03,21,-14.882698172632537
20171114_EW_WW_Bachsee_north_AOE,polygon,2023-03,21,-13.98701257195892
2017_Xavier_BB_Eberswalde_UAV_AOE,polygon,2023-03,21,-14.524202379477252
20210706_EW_WW_Kaufland_AOE,polygon,2023-03,21,-14.701594544233682
20220226_EW_WW_Campus_Oberheide_AOE,polygon,2023-03,21,-14.56683313026106
2022_Zeynep_BB_Eberswalde_UAV_AOE,polygon,2023-03,21,-14.561317004392517
20220212_Barnekow_3_AOE,polygon,2023-03,21,-15.912945826419651
20220212_Barnekow_5_AOE,polygon,2023-03,21,-16.138613428436173
2022_Zeynep_MV_Barnekow_AOE,polygon,2023-03,21,-16.428377016097485
2022_Zeynep_MV_Bremerhagen_AOE,polygon,2023-03,21,-16.40273797243458
20220209_Bremerhagen_3_AOE,polygon,2023-03,21,-17.225598793416506
20171016_EW_WW_Campus_AOE,ring,2023-03,21,-14.271907984502231
20171114_EW_WW_Bachsee_north_AOE,ring,2023-03,21,-14.329292572218543
2017_Xavier_BB_Eberswalde_UAV_AOE,ring,2023-03,21,-14.364480318619544
20210706_EW_WW_Kaufland_AOE,ring,2023-03,21,-14.61946557156339
20220226_EW_WW_Campus_Oberheide_AOE,ring,2023-03,21,-14.279308606512421
2022_Zeynep_BB_Eberswalde_UAV_AOE,ring,2023-03,21,-14.571405282048536
20220212_Barnekow_3_AOE,ring,2023-03,21,-15.065143499239786
20220212_Barnekow_5_AOE,ring,2023-03,21,-15.103076121552967
2022_Zeynep_MV_Barnekow_AOE,ring,2023-03,21,-15.106951753856642
2022_Zeynep_MV_Bremerhagen_AOE,ring,2023-03,21,-14.802733216637732
20220209_Bremerhagen_3_AOE,ring,2023-03,21,-14.956264341353867
20171016_EW_WW_Campus_AOE,polygon,2023-04,19,-14.808171445958715
20171114_EW_WW_Bachsee_north_AOE,polygon,2023-04,19,-13.655593472436399
2017_Xavier_BB_Eberswalde_UAV_AOE,polygon,2023-04,19,-14.389943749456338
20210706_EW_WW_Kaufland_AOE,polygon,2023-04,19,-14.95577029395308
20220226_EW_WW_Campus_Oberheide_AOE,polygon,2023-04,19,-14.356960663207369
2022_Zeynep_BB_Eberswalde_UAV_AOE,polygon,2023-04,19,-14.499931005371
20220212_Barnekow_3_AOE,polygon,2023-04,19,-16.577642260527742
20220212_Barnekow_5_AOE,polygon,2023-04,19,-16.721109885171753
2022_Zeynep_MV_Barnekow_AOE,polygon,2023-04,19,-17.675959183189576
2022_Zeynep_MV_Bremerhagen_AOE,polygon,2023-04,19,-17.18627505362278
20220209_Bremerhagen_3_AOE,polygon,2023-04,19,-19.36843788965661
20171016_EW_WW_Campus_AOE,ring,2023-04,19,-14.193178586712826
20171114_EW_WW_Bachsee_north_AOE,ring,2023-04,19,-14.18776989309519
2017_Xavier_BB_Eberswalde_UAV_AOE,ring,2023-04,19,-14.272355692489397
20210706_EW_WW_Kaufland_AOE,ring,2023-04,19,-14.636080404711159
20220226_EW_WW_Campus_Oberheide_AOE,ring,2023-04,19,-14.201999228694243
2022_Zeynep_BB_Eberswalde_UAV_AOE,ring,2023-04,19,-14.554267083257615
20220212_Barnekow_3_AOE,ring,2023-04,19,-15.409601386168765
20220212_Barnekow_5_AOE,ring,2023-04,19,-15.56401398005815
2022_Zeynep_MV_Barnekow_AOE,ring,2023-04,19,-15.480020284739693
2022_Zeynep_MV_Bremerhagen_AOE,ring,2023-04,19,-15.020519341310747
20220209_Bremerhagen_3_AOE,ring,2023-04,19,-15.218988060599516
20171016_EW_WW_Campus_AOE,polygon,2023-05,21,-15.952100800285313
20171114_EW_WW_Bachsee_north_AOE,polygon,2023-05,21,-15.080078213307036
2017_Xavier_BB_Eberswalde_UAV_AOE,polygon,2023-05,21,-15.644632314121818
20210706_EW_WW_Kaufland_AOE,polygon,2023-05,21,-15.833336987723067
20220226_EW_WW_Campus_Oberheide_AOE,polygon,2023-05,21,-15.186242655848902
2022_Zeynep_BB_Eberswalde_UAV_AOE,polygon,2023-05,21,-15.301872391273578
20220212_Barnekow_3_AOE,polygon,2023-05,21,-17.486703549917824
20220212_Barnekow_5_AOE,polygon,2023-05,21,-17.39114977814685
2022_Zeynep_MV_Barnekow_AOE,polygon,2023-05,21,-18.359141917065838
2022_Zeynep_MV_Bremerhagen_AOE,polygon,2023-05,21,-17.370784533151586
20220209_Bremerhagen_3_AOE,polygon,2023-05,21,-19.23938494967597
20171016_EW_WW_Campus_AOE,ring,2023-05,21,-14.922487213171555
20171114_EW_WW_Bachsee_north_AOE,ring,2023-05,21,-14.937738709327682
2017_Xavier_BB_Eberswalde_UAV_AOE,ring,2023-05,21,-14.932375845654981
20210706_EW_WW_Kaufland_AOE,ring,2023-05,21,-15.021060130994073
20220226_EW_WW_Campus_Oberheide_AOE,ring,2023-05,21,-14.930454672099685
2022_Zeynep_BB_Eberswalde_UAV_AOE,ring,2023-05,21,-15.00481055382647
20220212_Barnekow_3_AOE,ring,2023-05,21,-15.327872608378312
20220212_Barnekow_5_AOE,ring,2023-05,21,-15.645160139581675
2022_Zeynep_MV_Barnekow_AOE,ring,2023-05,21,-15.5576515753261
2022_Zeynep_MV_Bremerhagen_AOE,ring,2023-05,21,-15.341600864733008
20220209_Bremerhagen_3_AOE,ring,2023-05,21,-15.437693548872838
20171016_EW_WW_Campus_AOE,polygon,2023-06,21,-15.867739808127219
20171114_EW_WW_Bachsee_north_AOE,polygon,2023-06,21,-15.303381553834846
2017_Xavier_BB_Eberswalde_UAV_AOE,polygon,2023-06,21,-15.719618808423323
20210706_EW_WW_Kaufland_AOE,polygon,2023-06,21,-16.479715453324182
20220226_EW_WW_Campus_Oberheide_AOE,polygon,2023-06,21,-15.289871558221513
2022_Zeynep_BB_Eberswalde_UAV_AOE,polygon,2023-06,21,-15.430036199067256
20220212_Barnekow_3_AOE,polygon,2023-06,21,-17.751150611499053
20220212_Barnekow_5_AOE,polygon,2023-06,21,-17.572829416164797
2022_Zeynep_MV_Barnekow_AOE,polygon,2023-06,21,-18.16657379214838
2022_Zeynep_MV_Bremerhagen_AOE,polygon,2023-06,21,-17.044566815435978
20220209_Bremerhagen_3_AOE,polygon,2023-06,21,-18.35162178475727
20171016_EW_WW_Campus_AOE,ring,2023-06,21,-15.217664076133554
20171114_EW_WW_Bachsee_north_AOE,ring,2023-06,21,-15.1104123401829
2017_Xavier_BB_Eberswalde_UAV_AOE,ring,2023-06,21,-15.223143888307767
20210706_EW_WW_Kaufland_AOE,ring,2023-06,21,-15.553154729515292
20220226_EW_WW_Campus_Oberheide_AOE,ring,2023-06,21,-15.228962998570603
2022_Zeynep_BB_Eberswalde_UAV_AOE,ring,2023-06,21,-15.324199154909836
20220212_Barnekow_3_AOE,ring,2023-06,21,-15.350924012045986
20220212_Barnekow_5_AOE,ring,2023-06,21,-15.707467956737899
2022_Zeynep_MV_Barnekow_AOE,ring,2023-06,21,-15.669702043186373
2022_Zeynep_MV_Bremerhagen_AOE,ring,2023-06,21,-15.428504726706029
20220209_Bremerhagen_3_AOE,ring,2023-06,21,-15.351438660047789
20171016_EW_WW_Campus_AOE,polygon,2023-07,20,-16.034583638389506
20171114_EW_WW_Bachsee_north_AOE,polygon,2023-07,20,-15.2959855357144
2017_Xavier_BB_Eberswalde_UAV_AOE,polygon,2023-07,20,-15.81059421904227
20210706_EW_WW_Kaufland_AOE,polygon,2023-07,20,-16.563357694419842
20220226_EW_WW_Campus_Oberheide_AOE,polygon,2023-07,20,-15.431105997965037
2022_Zeynep_BB_Eberswalde_UAV_AOE,polygon,2023-07,20,-15.590219648645425
20220212_Barnekow_3_AOE,polygon,2023-07,20,-16.539303391847568
20220212_Barnekow_5_AOE,polygon,2023-07,20,-16.47441273419387
2022_Zeynep_MV_Barnekow_AOE,polygon,2023-07,20,-16.677642738164423
2022_Zeynep_MV_Bremerhagen_AOE,polygon,2023-07,20,-16.20634902231725
20220209_Bremerhagen_3_AOE,polygon,2023-07,20,-17.39628415128452
20171016_EW_WW_Campus_AOE,ring,2023-07,20,-15.35966636012693
20171114_EW_WW_Bachsee_north_AOE,ring,2023-07,20,-15.13421410222782
2017_Xavier_BB_Eberswalde_UAV_AOE,ring,2023-07,20,-15.292501063268867
20210706_EW_WW_Kaufland_AOE,ring,2023-07,20,-15.629232549594532
20220226_EW_WW_Campus_Oberheide_AOE,ring,2023-07,20,-15.337317736962603
2022_Zeynep_BB_Eberswalde_UAV_AOE,ring,2023-07,20,-15.395903517719795
20220212_Barnekow_3_AOE,ring,2023-07,20,-15.2481726775767
20220212_Barnekow_5_AOE,ring,2023-07,20,-15.423497077497156
2022_Zeynep_MV_Barnekow_AOE,ring,2023-07,20,-15.486246149195763
2022_Zeynep_MV_Bremerhagen_AOE,ring,2023-07,20,-15.32832250552813
20220209_Bremerhagen_3_AOE,ring,2023-07,20,-15.280280800506052
20171016_EW_WW_Campus_AOE,polygon,2023-08,22,-15.626408794720739
20171114_EW_WW_Bachsee_north_AOE,polygon,2023-08,22,-15.207104232057368
2017_Xavier_BB_Eberswalde_UAV_AOE,polygon,2023-08,22,-15.49910255107719
20210706_EW_WW_Kaufland_AOE,polygon,2023-08,22,-16.59328417453821
20220226_EW_WW_Campus_Oberheide_AOE,polygon,2023-08,22,-15.072281573483705
2022_Zeynep_BB_Eberswalde_UAV_AOE,polygon,2023-08,22,-15.234495910648047
20220212_Barnekow_3_AOE,polygon,2023-08,22,-16.248163296334244
20220212_Barnekow_5_AOE,polygon,2023-08,22,-16.51194242299508
2022_Zeynep_MV_Barnekow_AOE,polygon,2023-08,22,-16.56446339508438
2022_Zeynep_MV_Bremerhagen_AOE,polygon,2023-08,22,-16.369969589681446
20220209_Bremerhagen_3_AOE,polygon,2023-08,22,-17.462688997979296
20171016_EW_WW_Campus_AOE,ring,2023-08,22,-15.161062651900812
20171114_EW_WW_Bachsee_north_AOE,ring,2023-08,22,-15.04962819231225
2017_Xavier_BB_Eberswalde_UAV_AOE,ring,2023-08,22,-15.13741488181858
20210706_EW_WW_Kaufland_AOE,ring,2023-08,22,-15.33315994077764
20220226_EW_WW_Campus_Oberheide_AOE,ring,2023-08,22,-15.124397989003283
2022_Zeynep_BB_Eberswalde_UAV_AOE,ring,2023-08,22,-15.189355654855435
20220212_Barnekow_3_AOE,ring,2023-08,22,-15.263606158320226
20220212_Barnekow_5_AOE,ring,2023-08,22,-15.515338875690697
2022_Zeynep_MV_Barnekow_AOE,ring,2023-08,22,-15.518355712789456
2022_Zeynep_MV_Bremerhagen_AOE,ring,2023-08,22,-15.426720823977304
20220209_Bremerhagen_3_AOE,ring,2023-08,22,-15.396461467938613
20171016_EW_WW_Campus_AOE,polygon,2023-09,18,-16.22172788604555
20171114_EW_WW_Bachsee_north_AOE,polygon,2023-09,18,-15.68269086661034
2017_Xavier_BB_Eberswalde_UAV_AOE,polygon,2023-09,18,-15.976768734688513
20210706_EW_WW_Kaufland_AOE,polygon,2023-09,18,-16.429778075283515
20220226_EW_WW_Campus_Oberheide_AOE,polygon,2023-09,18,-15.674235606595227
2022_Zeynep_BB_Eberswalde_UAV_AOE,polygon,2023-09,18,-15.847923566426793
20220212_Barnekow_3_AOE,polygon,2023-09,18,-17.8230976203109
20220212_Barnekow_5_AOE,polygon,2023-09,18,-17.57523355387754
2022_Zeynep_MV_Barnekow_AOE,polygon,2023-09,18,-17.631060481526358
2022_Zeynep_MV_Bremerhagen_AOE,polygon,2023-09,18,-17.460172111315387
20220209_Bremerhagen_3_AOE,polygon,2023-09,18,-17.979689242771087
20171016_EW_WW_Campus_AOE,ring,2023-09,18,-15.52363224171585
20171114_EW_WW_Bachsee_north_AOE,ring,2023-09,18,-15.209148115497255
2017_Xavier_BB_Eberswalde_UAV_AOE,ring,2023-09,18,-15.406123714570892
20210706_EW_WW_Kaufland_AOE,ring,2023-09,18,-15.719829811979087
20220226_EW_WW_Campus_Oberheide_AOE,ring,2023-09,18,-15.51399522523136
2022_Zeynep_BB_Eberswalde_UAV_AOE,ring,2023-09,18,-15.482158646103231
20220212_Barnekow_3_AOE,ring,2023-09,18,-15.79786241040438
20220212_Barnekow_5_AOE,ring,2023-09,18,-15.97056577226719
2022_Zeynep_MV_Barnekow_AOE,ring,2023-09,18,-16.016330166640774
2022_Zeynep_MV_Bremerhagen_AOE,ring,2023-09,18,-16.041795748325303
20220209_Bremerhagen_3_AOE,ring,2023-09,18,-16.069432524835708
20171016_EW_WW_Campus_AOE,polygon,2023-10,21,-15.837749517229755
20171114_EW_WW_Bachsee_north_AOE,polygon,2023-10,21,-15.805424730501107
2017_Xavier_BB_Eberswalde_UAV_AOE,polygon,2023-10,21,-15.850327519820866
20210706_EW_WW_Kaufland_AOE,polygon,2023-10,21,-16.039220452969413
20220226_EW_WW_Campus_Oberheide_AOE,polygon,2023-10,21,-15.311354089951713
2022_Zeynep_BB_Eberswalde_UAV_AOE,polygon,2023-10,21,-15.562634259060006
20220212_Barnekow_3_AOE,polygon,2023-10,21,-17.067754655979527
20220212_Barnekow_5_AOE,polygon,2023-10,21,-16.979315735207873
2022_Zeynep_MV_Barnekow_AOE,polygon,2023-10,21,-16.93652938259084
2022_Zeynep_MV_Bremerhagen_AOE,polygon,2023-10,21,-16.61370017764882
20220209_Bremerhagen_3_AOE,polygon,2023-10,21,-16.86715018450286
20171016_EW_WW_Campus_AOE,ring,2023-10,21,-15.45959513227418
20171114_EW_WW_Bachsee_north_AOE,ring,2023-10,21,-15.50015225074576
2017_Xavier_BB_Eberswalde_UAV_AOE,ring,2023-10,21,-15.492840919805063
20210706_EW_WW_Kaufland_AOE,ring,2023-10,21,-15.623287681027405
20220226_EW_WW_Campus_Oberheide_AOE,ring,2023-10,21,-15.450972198913279
2022_Zeynep_BB_Eberswalde_UAV_AOE,ring,2023-10,21,-15.54040226442027
20220212_Barnekow_3_AOE,ring,2023-10,21,-15.871609269096883
20220212_Barnekow_5_AOE,ring,2023-10,21,-15.976128375408718
2022_Zeynep_MV_Barnekow_AOE,ring,2023-10,21,-15.991906518875105
2022_Zeynep_MV_Bremerhagen_AOE,ring,2023-10,21,-15.86977280685528
20220209_Bremerhagen_3_AOE,ring,2023-10,21,-15.870555331830662
20171016_EW_WW_Campus_AOE,polygon,2023-11,20,-14.752030284303371
20171114_EW_WW_Bachsee_north_AOE,polygon,2023-11,20,-14.385643429672179
2017_Xavier_BB_Eberswalde_UAV_AOE,polygon,2023-11,20,-14.633149864157767
20210706_EW_WW_Kaufland_AOE,polygon,2023-11,20,-15.139359014770898
20220226_EW_WW_Campus_Oberheide_AOE,polygon,2023-11,20,-14.477182355893424
2022_Zeynep_BB_Eberswalde_UAV_AOE,polygon,2023-11,20,-14.746292985681919
20220212_Barnekow_3_AOE,polygon,2023-11,20,-16.45861297277838
20220212_Barnekow_5_AOE,polygon,2023-11,20,-16.555344128967757
2022_Zeynep_MV_Barnekow_AOE,polygon,2023-11,20,-16.25568200924947
2022_Zeynep_MV_Bremerhagen_AOE,polygon,2023-11,20,-16.247319811791737
20220209_Bremerhagen_3_AOE,polygon,2023-11,20,-17.565560923886725
20171016_EW_WW_Campus_AOE,ring,2023-11,20,-14.448110196692475
20171114_EW_WW_Bachsee_north_AOE,ring,2023-11,20,-14.668539085686406
2017_Xavier_BB_Eberswalde_UAV_AOE,ring,2023-11,20,-14.603940664788375
20210706_EW_WW_Kaufland_AOE,ring,2023-11,20,-14.716751800367529
20220226_EW_WW_Campus_Oberheide_AOE,ring,2023-11,20,-14.447279136704234
2022_Zeynep_BB_Eberswalde_UAV_AOE,ring,2023-11,20,-14.799818492842554
20220212_Barnekow_3_AOE,ring,2023-11,20,-15.417474649697393
20220212_Barnekow_5_AOE,ring,2023-11,20,-15.415489374103775
2022_Zeynep_MV_Barnekow_AOE,ring,2023-11,20,-15.442103461203665
2022_Zeynep_MV_Bremerhagen_AOE,ring,2023-11,20,-15.091013997924945
20220209_Bremerhagen_3_AOE,ring,2023-11,20,-15.236348540336419
20171016_EW_WW_Campus_AOE,polygon,2023-12,20,-14.58662724852656
20171114_EW_WW_Bachsee_north_AOE,polygon,2023-12,20,-13.480054016354226
2017_Xavier_BB_Eberswalde_UAV_AOE,polygon,2023-12,20,-14.186806763723206
20210706_EW_WW_Kaufland_AOE,polygon,2023-12,20,-15.026940265457021
20220226_EW_WW_Campus_Oberheide_AOE,polygon,2023-12,20,-14.28341370851767
2022_Zeynep_BB_Eberswalde_UAV_AOE,polygon,2023-12,20,-14.410070470058123
20220212_Barnekow_3_AOE,polygon,2023-12,20,-15.920661771346655
20220212_Barnekow_5_AOE,polygon,2023-12,20,-16.282693055390588
2022_Zeynep_MV_Barnekow_AOE,polygon,2023-12,20,-15.950941129939231
2022_Zeynep_MV_Bremerhagen_AOE,polygon,2023-12,20,-16.3024433624504
20220209_Bremerhagen_3_AOE,polygon,2023-12,20,-16.818795982238424
20171016_EW_WW_Campus_AOE,ring,2023-12,20,-14.144900585458041
20171114_EW_WW_Bachsee_north_AOE,ring,2023-12,20,-14.172741344197359
2017_Xavier_BB_Eberswalde_UAV_AOE,ring,2023-12,20,-14.22688932278019
20210706_EW_WW_Kaufland_AOE,ring,2023-12,20,-14.5115043577015
20220226_EW_WW_Campus_Oberheide_AOE,ring,2023-12,20,-14.164810549515225
2022_Zeynep_BB_Eberswalde_UAV_AOE,ring,2023-12,20,-14.47109067679862
20220212_Barnekow_3_AOE,ring,2023-12,20,-15.136163712773582
20220212_Barnekow_5_AOE,ring,2023-12,20,-15.11970426417805
2022_Zeynep_MV_Barnekow_AOE,ring,2023-12,20,-15.118243724166742
2022_Zeynep_MV_Bremerhagen_AOE,ring,2023-12,20,-14.83224550920246
20220209_Bremerhagen_3_AOE,ring,2023-12,20,-15.037121684763529
20171016_EW_WW_Campus_AOE,polygon,2024-01,20,-16.47472847717631
20171114_EW_WW_Bachsee_north_AOE,polygon,2024-01,20,-14.575821737517682
2017_Xavier_BB_Eberswalde_UAV_AOE,polygon,2024-01,20,-15.762611422990698
20210706_EW_WW_Kaufland_AOE,polygon,2024-01,20,-17.258179115883244
20220226_EW_WW_Campus_Oberheide_AOE,polygon,2024-01,20,-15.941330392832956
2022_Zeynep_BB_Eberswalde_UAV_AOE,polygon,2024-01,20,-16.06163132893459
20220212_Barnekow_3_AOE,polygon,2024-01,20,-16.657849338319995
20220212_Barnekow_5_AOE,polygon,2024-01,20,-17.09927906444028
2022_Zeynep_MV_Barnekow_AOE,polygon,2024-01,20,-16.940958754946227
2022_Zeynep_MV_Bremerhagen_AOE,polygon,2024-01,20,-17.366860588585443
20220209_Bremerhagen_3_AOE,polygon,2024-01,20,-18.058848481264633
20171016_EW_WW_Campus_AOE,ring,2024-01,20,-15.543104265631543
20171114_EW_WW_Bachsee_north_AOE,ring,2024-01,20,-15.342447465601872
2017_Xavier_BB_Eberswalde_UAV_AOE,ring,2024-01,20,-15.52683236248271
20210706_EW_WW_Kaufland_AOE,ring,2024-01,20,-16.024845593936906
20220226_EW_WW_Campus_Oberheide_AOE,ring,2024-01,20,-15.645826744432881
2022_Zeynep_BB_Eberswalde_UAV_AOE,ring,2024-01,20,-15.919166933238236
20220212_Barnekow_3_AOE,ring,2024-01,20,-15.794089240134161
20220212_Barnekow_5_AOE,ring,2024-01,20,-15.808128835484329
2022_Zeynep_MV_Barnekow_AOE,ring,2024-01,20,-15.829635132447994
2022_Zeynep_MV_Bremerhagen_AOE,ring,2024-01,20,-15.635499198254685
20220209_Bremerhagen_3_AOE,ring,2024-01,20,-15.82563375782357
20171016_EW_WW_Campus_AOE,polygon,2024-02,20,-13.758380948550954
20171114_EW_WW_Bachsee_north_AOE,polygon,2024-02,20,-12.935912117532427
2017_Xavier_BB_Eberswalde_UAV_AOE,polygon,2024-02,20,-13.533092511674258
20210706_EW_WW_Kaufland_AOE,polygon,2024-02,20,-13.539498049028944
20220226_EW_WW_Campus_Oberheide_AOE,polygon,2024-02,20,-13.664565858505007
2022_Zeynep_BB_Eberswalde_UAV_AOE,polygon,2024-02,20,-13.724153232442772
20220212_Barnekow_3_AOE,polygon,2024-02,20,-14.705506373442608
20220212_Barnekow_5_AOE,polygon,2024-02,20,-15.059972100157315
2022_Zeynep_MV_Barnekow_AOE,polygon,2024-02,20,-15.027281055622856
2022_Zeynep_MV_Bremerhagen_AOE,polygon,2024-02,20,-15.530449273313751
20220209_Bremerhagen_3_AOE,polygon,2024-02,20,-16.487922560333107
20171016_EW_WW_Campus_AOE,ring,2024-02,20,-13.524969697929338
20171114_EW_WW_Bachsee_north_AOE,ring,2024-02,20,-13.722683452956925
2017_Xavier_BB_Eberswalde_UAV_AOE,ring,2024-02,20,-13.69116439105008
20210706_EW_WW_Kaufland_AOE,ring,2024-02,20,-13.886865436049565
20220226_EW_WW_Campus_Oberheide_AOE,ring,2024-02,20,-13.520484878396793
2022_Zeynep_BB_Eberswalde_UAV_AOE,ring,2024-02,20,-13.840575391158593
20220212_Barnekow_3_AOE,ring,2024-02,20,-14.499107880971016
20220212_Barnekow_5_AOE,ring,2024-02,20,-14.451343536751395
2022_Zeynep_MV_Barnekow_AOE,ring,2024-02,20,-14.465097617971761
2022_Zeynep_MV_Bremerhagen_AOE,ring,2024-02,20,-14.234759364188257
20220209_Bremerhagen_3_AOE,ring,2024-02,20,-14.410543758227503
20171016_EW_WW_Campus_AOE,polygon,2024-03,20,-14.901611868374154
20171114_EW_WW_Bachsee_north_AOE,polygon,2024-03,20,-13.72614701089467
2017_Xavier_BB_Eberswalde_UAV_AOE,polygon,2024-03,20,-14.457911308536918
20210706_EW_WW_Kaufland_AOE,polygon,2024-03,20,-15.542874558808837
20220226_EW_WW_Campus_Oberheide_AOE,polygon,2024-03,20,-14.414695772160572
2022_Zeynep_BB_Eberswalde_UAV_AOE,polygon,2024-03,20,-14.6336071892596
20220212_Barnekow_3_AOE,polygon,2024-03,20,-16.213328979030674
20220212_Barnekow_5_AOE,polygon,2024-03,20,-16.49497409242323
2022_Zeynep_MV_Barnekow_AOE,polygon,2024-03,20,-16.645646547485295
2022_Zeynep_MV_Bremerhagen_AOE,polygon,2024-03,20,-16.687181846119454
20220209_Bremerhagen_3_AOE,polygon,2024-03,20,-17.312774196410892
20171016_EW_WW_Campus_AOE,ring,2024-03,20,-14.245396289741116
20171114_EW_WW_Bachsee_north_AOE,ring,2024-03,20,-14.145024542258934
2017_Xavier_BB_Eberswalde_UAV_AOE,ring,2024-03,20,-14.26854429107109
20210706_EW_WW_Kaufland_AOE,ring,2024-03,20,-14.580499184406499
20220226_EW_WW_Campus_Oberheide_AOE,ring,2024-03,20,-14.291464552833286
2022_Zeynep_BB_Eberswalde_UAV_AOE,ring,2024-03,20,-14.498434424680442
20220212_Barnekow_3_AOE,ring,2024-03,20,-15.26178220684997
20220212_Barnekow_5_AOE,ring,2024-03,20,-15.255989847951472
2022_Zeynep_MV_Barnekow_AOE,ring,2024-03,20,-15.222839654955138
2022_Zeynep_MV_Bremerhagen_AOE,ring,2024-03,20,-14.896277300568654
20220209_Bremerhagen_3_AOE,ring,2024-03,20,-15.091784608569135
20171016_EW_WW_Campus_AOE,polygon,2024-04,21,-14.904243442227035
20171114_EW_WW_Bachsee_north_AOE,polygon,2024-04,21,-13.675574411970015
2017_Xavier_BB_Eberswalde_UAV_AOE,polygon,2024-04,21,-14.393536691560465
20210706_EW_WW_Kaufland_AOE,polygon,2024-04,21,-15.25179293678606
20220226_EW_WW_Campus_Oberheide_AOE,polygon,2024-04,21,-14.361776141673015
2022_Zeynep_BB_Eberswalde_UAV_AOE,polygon,2024-04,21,-14.477333575575836
20220212_Barnekow_3_AOE,polygon,2024-04,21,-16.398016346330664
20220212_Barnekow_5_AOE,polygon,2024-04,21,-16.565226940887136
2022_Zeynep_MV_Barnekow_AOE,polygon,2024-04,21,-16.69516966290647
2022_Zeynep_MV_Bremerhagen_AOE,polygon,2024-04,21,-16.71342463304574
20220209_Bremerhagen_3_AOE,polygon,2024-04,21,-17.406506014350565
20171016_EW_WW_Campus_AOE,ring,2024-04,21,-14.197915309217395
20171114_EW_WW_Bachsee_north_AOE,ring,2024-04,21,-14.121826864382873
2017_Xavier_BB_Eberswalde_UAV_AOE,ring,2024-04,21,-14.286012396747475
20210706_EW_WW_Kaufland_AOE,ring,2024-04,21,-14.696066931058649
20220226_EW_WW_Campus_Oberheide_AOE,ring,2024-04,21,-14.169012551873372
2022_Zeynep_BB_Eberswalde_UAV_AOE,ring,2024-04,21,-14.482194437373483
20220212_Barnekow_3_AOE,ring,2024-04,21,-14.958667539287378
20220212_Barnekow_5_AOE,ring,2024-04,21,-15.029187403855655
2022_Zeynep_MV_Barnekow_AOE,ring,2024-04,21,-15.042081440757691
2022_Zeynep_MV_Bremerhagen_AOE,ring,2024-04,21,-14.822931608848199
20220209_Bremerhagen_3_AOE,ring,2024-04,21,-15.011345117106021
20171016_EW_WW_Campus_AOE,polygon,2024-05,21,-16.354422793423492
20171114_EW_WW_Bachsee_north_AOE,polygon,2024-05,21,-15.370342099018911
2017_Xavier_BB_Eberswalde_UAV_AOE,polygon,2024-05,21,-15.926175383795195
20210706_EW_WW_Kaufland_AOE,polygon,2024-05,21,-16.295453392020118
20220226_EW_WW_Campus_Oberheide_AOE,polygon,2024-05,21,-15.667863185236758
2022_Zeynep_BB_Eberswalde_UAV_AOE,polygon,2024-05,21,-15.788141766427419
20220212_Barnekow_3_AOE,polygon,2024-05,21,-16.797465258721502
20220212_Barnekow_5_AOE,polygon,2024-05,21,-17.771684414853915
2022_Zeynep_MV_Barnekow_AOE,polygon,2024-05,21,-17.373386180185843
2022_Zeynep_MV_Bremerhagen_AOE,polygon,2024-05,21,-16.992478937344764
20220209_Bremerhagen_3_AOE,polygon,2024-05,21,-18.12640961222936
20171016_EW_WW_Campus_AOE,ring,2024-05,21,-15.408285297585232
20171114_EW_WW_Bachsee_north_AOE,ring,2024-05,21,-15.010510696778068
2017_Xavier_BB_Eberswalde_UAV_AOE,ring,2024-05,21,-15.249110702503971
20210706_EW_WW_Kaufland_AOE,ring,2024-05,21,-15.324107031081656
20220226_EW_WW_Campus_Oberheide_AOE,ring,2024-05,21,-15.408212662989826
2022_Zeynep_BB_Eberswalde_UAV_AOE,ring,2024-05,21,-15.309158715061498
20220212_Barnekow_3_AOE,ring,2024-05,21,-15.33678196812041
20220212_Barnekow_5_AOE,ring,2024-05,21,-15.569063237132996
2022_Zeynep_MV_Barnekow_AOE,ring,2024-05,21,-15.546520558682335
2022_Zeynep_MV_Bremerhagen_AOE,ring,2024-05,21,-15.371444914934507
20220209_Bremerhagen_3_AOE,ring,2024-05,21,-15.455656278765115
20171016_EW_WW_Campus_AOE,polygon,2024-06,19,-15.983110055196166
20171114_EW_WW_Bachsee_north_AOE,polygon,2024-06,19,-15.123919262728512
2017_Xavier_BB_Eberswalde_UAV_AOE,polygon,2024-06,19,-15.671663419114582
20210706_EW_WW_Kaufland_AOE,polygon,2024-06,19,-16.16256922761465
20220226_EW_WW_Campus_Oberheide_AOE,polygon,2024-06,19,-15.378962945957184
2022_Zeynep_BB_Eberswalde_UAV_AOE,polygon,2024-06,19,-15.491060631846732
20220212_Barnekow_3_AOE,polygon,2024-06,19,-17.384622404417588
20220212_Barnekow_5_AOE,polygon,2024-06,19,-17.63784119384942
2022_Zeynep_MV_Barnekow_AOE,polygon,2024-06,19,-17.238115205619824
2022_Zeynep_MV_Bremerhagen_AOE,polygon,2024-06,19,-16.667249710052946
20220209_Bremerhagen_3_AOE,polygon,2024-06,19,-17.528517141118535
20171016_EW_WW_Campus_AOE,ring,2024-06,19,-15.280185228961834
20171114_EW_WW_Bachsee_north_AOE,ring,2024-06,19,-14.991803920954942
2017_Xavier_BB_Eberswalde_UAV_AOE,ring,2024-06,19,-15.212025434966076
20210706_EW_WW_Kaufland_AOE,ring,2024-06,19,-15.464973358479664
20220226_EW_WW_Campus_Oberheide_AOE,ring,2024-06,19,-15.266309256206513
2022_Zeynep_BB_Eberswalde_UAV_AOE,ring,2024-06,19,-15.350004547963715
20220212_Barnekow_3_AOE,ring,2024-06,19,-15.279406145655335
20220212_Barnekow_5_AOE,ring,2024-06,19,-15.570354269517887
2022_Zeynep_MV_Barnekow_AOE,ring,2024-06,19,-15.499890392484655
2022_Zeynep_MV_Bremerhagen_AOE,ring,2024-06,19,-15.329421098683026
20220209_Bremerhagen_3_AOE,ring,2024-06,19,-15.313888544784252
20171016_EW_WW_Campus_AOE,polygon,2024-07,21,-15.735495591514548
20171114_EW_WW_Bachsee_north_AOE,polygon,2024-07,21,-14.866178638357487
2017_Xavier_BB_Eberswalde_UAV_AOE,polygon,2024-07,21,-15.473744915102888
20210706_EW_WW_Kaufland_AOE,polygon,2024-07,21,-16.630428690561857
20220226_EW_WW_Campus_Oberheide_AOE,polygon,2024-07,21,-15.174841293106388
2022_Zeynep_BB_Eberswalde_UAV_AOE,polygon,2024-07,21,-15.314076480956997
20220212_Barnekow_3_AOE,polygon,2024-07,21,-16.520898333275284
20220212_Barnekow_5_AOE,polygon,2024-07,21,-17.018211736243583
2022_Zeynep_MV_Barnekow_AOE,polygon,2024-07,21,-16.561670278593407
2022_Zeynep_MV_Bremerhagen_AOE,polygon,2024-07,21,-16.51313069608749
20220209_Bremerhagen_3_AOE,polygon,2024-07,21,-17.887380894400525
20171016_EW_WW_Campus_AOE,ring,2024-07,21,-15.148191132318674
20171114_EW_WW_Bachsee_north_AOE,ring,2024-07,21,-14.872439754639906
2017_Xavier_BB_Eberswalde_UAV_AOE,ring,2024-07,21,-15.068959161068621
20210706_EW_WW_Kaufland_AOE,ring,2024-07,21,-15.329706930970396
20220226_EW_WW_Campus_Oberheide_AOE,ring,2024-07,21,-15.103130742244016
2022_Zeynep_BB_Eberswalde_UAV_AOE,ring,2024-07,21,-15.181588614301473
20220212_Barnekow_3_AOE,ring,2024-07,21,-15.022795521490215
20220212_Barnekow_5_AOE,ring,2024-07,21,-15.274947829488795
2022_Zeynep_MV_Barnekow_AOE,ring,2024-07,21,-15.303849112202764
2022_Zeynep_MV_Bremerhagen_AOE,ring,2024-07,21,-15.273410412809582
20220209_Bremerhagen_3_AOE,ring,2024-07,21,-15.227522654575617
20171016_EW_WW_Campus_AOE,polygon,2024-08,20,-15.91298890598868
20171114_EW_WW_Bachsee_north_AOE,polygon,2024-08,20,-15.355743207071708
2017_Xavier_BB_Eberswalde_UAV_AOE,polygon,2024-08,20,-15.655179176263598
20210706_EW_WW_Kaufland_AOE,polygon,2024-08,20,-16.171377625602073
20220226_EW_WW_Campus_Oberheide_AOE,polygon,2024-08,20,-15.353690976108172
2022_Zeynep_BB_Eberswalde_UAV_AOE,polygon,2024-08,20,-15.564405303233636
20220212_Barnekow_3_AOE,polygon,2024-08,20,-16.595267022254188
20220212_Barnekow_5_AOE,polygon,2024-08,20,-17.458014844253768
2022_Zeynep_MV_Barnekow_AOE,polygon,2024-08,20,-17.13018390123935
2022_Zeynep_MV_Bremerhagen_AOE,polygon,2024-08,20,-17.252678467060765
20220209_Bremerhagen_3_AOE,polygon,2024-08,20,-18.898316324902314
20171016_EW_WW_Campus_AOE,ring,2024-08,20,-15.26110091444114
20171114_EW_WW_Bachsee_north_AOE,ring,2024-08,20,-15.043685462950418
2017_Xavier_BB_Eberswalde_UAV_AOE,ring,2024-08,20,-15.196757991914357
20210706_EW_WW_Kaufland_AOE,ring,2024-08,20,-15.458796863340748
20220226_EW_WW_Campus_Oberheide_AOE,ring,2024-08,20,-15.27926812169148
2022_Zeynep_BB_Eberswalde_UAV_AOE,ring,2024-08,20,-15.271441877014816
20220212_Barnekow_3_AOE,ring,2024-08,20,-15.398210838258528
20220212_Barnekow_5_AOE,ring,2024-08,20,-15.6164444364001
2022_Zeynep_MV_Barnekow_AOE,ring,2024-08,20,-15.609714097489004
2022_Zeynep_MV_Bremerhagen_AOE,ring,2024-08,20,-15.57315994023364
20220209_Bremerhagen_3_AOE,ring,2024-08,20,-15.596048672821691
20171016_EW_WW_Campus_AOE,polygon,2024-09,20,-15.79733289432235
20171114_EW_WW_Bachsee_north_AOE,polygon,2024-09,20,-15.188502362228489
2017_Xavier_BB_Eberswalde_UAV_AOE,polygon,2024-09,20,-15.644226408916197
20210706_EW_WW_Kaufland_AOE,polygon,2024-09,20,-15.552215222230405
20220226_EW_WW_Campus_Oberheide_AOE,polygon,2024-09,20,-15.385474524044236
2022_Zeynep_BB_Eberswalde_UAV_AOE,polygon,2024-09,20,-15.554555665384303
20220212_Barnekow_3_AOE,polygon,2024-09,20,-17.088049930825182
20220212_Barnekow_5_AOE,polygon,2024-09,20,-17.47827335358297
2022_Zeynep_MV_Barnekow_AOE,polygon,2024-09,20,-17.1973544195979
2022_Zeynep_MV_Bremerhagen_AOE,polygon,2024-09,20,-17.221833780440893
20220209_Bremerhagen_3_AOE,polygon,2024-09,20,-18.2842549484661
20171016_EW_WW_Campus_AOE,ring,2024-09,20,-15.414553345634356
20171114_EW_WW_Bachsee_north_AOE,ring,2024-09,20,-15.164651084918077
2017_Xavier_BB_Eberswalde_UAV_AOE,ring,2024-09,20,-15.327291314863292
20210706_EW_WW_Kaufland_AOE,ring,2024-09,20,-15.502406695003426
20220226_EW_WW_Campus_Oberheide_AOE,ring,2024-09,20,-15.379058573036728
2022_Zeynep_BB_Eberswalde_UAV_AOE,ring,2024-09,20,-15.427177726030987
20220212_Barnekow_3_AOE,ring,2024-09,20,-15.630161781454943
20220212_Barnekow_5_AOE,ring,2024-09,20,-15.808413962460243
2022_Zeynep_MV_Barnekow_AOE,ring,2024-09,20,-15.76948051995904
2022_Zeynep_MV_Bremerhagen_AOE,ring,2024-09,20,-15.658339267491934
20220209_Bremerhagen_3_AOE,ring,2024-09,20,-15.689860896738692
20171016_EW_WW_Campus_AOE,polygon,2024-10,20,-15.983881243550869
20171114_EW_WW_Bachsee_north_AOE,polygon,2024-10,20,-15.506741477254952
2017_Xavier_BB_Eberswalde_UAV_AOE,polygon,2024-10,20,-15.789569097650862
20210706_EW_WW_Kaufland_AOE,polygon,2024-10,20,-16.555587488351854
20220226_EW_WW_Campus_Oberheide_AOE,polygon,2024-10,20,-15.75186845087924
2022_Zeynep_BB_Eberswalde_UAV_AOE,polygon,2024-10,20,-15.871210167638955
20220212_Barnekow_3_AOE,polygon,2024-10,20,-17.465677108020202
20220212_Barnekow_5_AOE,polygon,2024-10,20,-17.835496561812544
2022_Zeynep_MV_Barnekow_AOE,polygon,2024-10,20,-17.474750892316795
2022_Zeynep_MV_Bremerhagen_AOE,polygon,2024-10,20,-17.466639244638003
20220209_Bremerhagen_3_AOE,polygon,2024-10,20,-18.80442717200589
20171016_EW_WW_Campus_AOE,ring,2024-10,20,-15.722266250940452
20171114_EW_WW_Bachsee_north_AOE,ring,2024-10,20,-15.340859888352613
2017_Xavier_BB_Eberswalde_UAV_AOE,ring,2024-10,20,-15.539011983603428
20210706_EW_WW_Kaufland_AOE,ring,2024-10,20,-15.706238541974548
20220226_EW_WW_Campus_Oberheide_AOE,ring,2024-10,20,-15.738057784685967
2022_Zeynep_BB_Eberswalde_UAV_AOE,ring,2024-10,20,-15.68818626574169
20220212_Barnekow_3_AOE,ring,2024-10,20,-16.07266850000458
20220212_Barnekow_5_AOE,ring,2024-10,20,-16.100605880361904
2022_Zeynep_MV_Barnekow_AOE,ring,2024-10,20,-16.092659628930132
2022_Zeynep_MV_Bremerhagen_AOE,ring,2024-10,20,-15.956347024080697
20220209_Bremerhagen_3_AOE,ring,2024-10,20,-16.047126917244558
20171016_EW_WW_Campus_AOE,polygon,2024-11,20,-14.590633035530079
20171114_EW_WW_Bachsee_north_AOE,polygon,2024-11,20,-13.859515288159693
2017_Xavier_BB_Eberswalde_UAV_AOE,polygon,2024-11,20,-14.410657054172997
20210706_EW_WW_Kaufland_AOE,polygon,2024-11,20,-14.852963734222103
20220226_EW_WW_Campus_Oberheide_AOE,polygon,2024-11,20,-14.319222541744594
2022_Zeynep_BB_Eberswalde_UAV_AOE,polygon,2024-11,20,-14.462898682816228
20220212_Barnekow_3_AOE,polygon,2024-11,20,-15.993814243189776
20220212_Barnekow_5_AOE,polygon,2024-11,20,-16.52971141517581
2022_Zeynep_MV_Barnekow_AOE,polygon,2024-11,20,-16.221756604795033
2022_Zeynep_MV_Bremerhagen_AOE,polygon,2024-11,20,-16.538075622375896
20220209_Bremerhagen_3_AOE,polygon,2024-11,20,-16.982483953659557
20171016_EW_WW_Campus_AOE,ring,2024-11,20,-14.19763234092407
20171114_EW_WW_Bachsee_north_AOE,ring,2024-11,20,-14.398864476668924
2017_Xavier_BB_Eberswalde_UAV_AOE,ring,2024-11,20,-14.361777186828625
20210706_EW_WW_Kaufland_AOE,ring,2024-11,20,-14.481870420981522
20220226_EW_WW_Campus_Oberheide_AOE,ring,2024-11,20,-14.175745374724844
2022_Zeynep_BB_Eberswalde_UAV_AOE,ring,2024-11,20,-14.538399828812945
20220212_Barnekow_3_AOE,ring,2024-11,20,-15.040776424056267
20220212_Barnekow_5_AOE,ring,2024-11,20,-15.103023891275507
2022_Zeynep_MV_Barnekow_AOE,ring,2024-11,20,-15.115637671142027
2022_Zeynep_MV_Bremerhagen_AOE,ring,2024-11,20,-14.88431345525689
20220209_Bremerhagen_3_AOE,ring,2024-11,20,-14.987378558663472
20171016_EW_WW_Campus_AOE,polygon,2024-12,20,-14.06741120847344
20171114_EW_WW_Bachsee_north_AOE,polygon,2024-12,20,-13.268519931662276
2017_Xavier_BB_Eberswalde_UAV_AOE,polygon,2024-12,20,-13.834596910652264
20210706_EW_WW_Kaufland_AOE,polygon,2024-12,20,-13.912798845037383
20220226_EW_WW_Campus_Oberheide_AOE,polygon,2024-12,20,-13.682897914621416
2022_Zeynep_BB_Eberswalde_UAV_AOE,polygon,2024-12,20,-13.907162270821372
20220212_Barnekow_3_AOE,polygon,2024-12,20,-15.334322261698174
20220212_Barnekow_5_AOE,polygon,2024-12,20,-16.087949307489144
2022_Zeynep_MV_Barnekow_AOE,polygon,2024-12,20,-15.648908932542533
2022_Zeynep_MV_Bremerhagen_AOE,polygon,2024-12,20,-16.122955179476296
20220209_Bremerhagen_3_AOE,polygon,2024-12,20,-16.76558562799367
20171016_EW_WW_Campus_AOE,ring,2024-12,20,-13.828779351322908
20171114_EW_WW_Bachsee_north_AOE,ring,2024-12,20,-13.896561589932322
2017_Xavier_BB_Eberswalde_UAV_AOE,ring,2024-12,20,-13.921723078964652
20210706_EW_WW_Kaufland_AOE,ring,2024-12,20,-14.149636447234993
20220226_EW_WW_Campus_Oberheide_AOE,ring,2024-12,20,-13.84409297236894
2022_Zeynep_BB_Eberswalde_UAV_AOE,ring,2024-12,20,-14.147360630546867
20220212_Barnekow_3_AOE,ring,2024-12,20,-14.76433309387066
20220212_Barnekow_5_AOE,ring,2024-12,20,-14.772781346156263
2022_Zeynep_MV_Barnekow_AOE,ring,2024-12,20,-14.766595627925645
2022_Zeynep_MV_Bremerhagen_AOE,ring,2024-12,20,-14.599193406234807
20220209_Bremerhagen_3_AOE,ring,2024-12,20,-14.792066582001379
20171016_EW_WW_Campus_AOE,polygon,2025-01,21,-14.81193482912451
20171114_EW_WW_Bachsee_north_AOE,polygon,2025-01,21,-14.0223226467168
2017_Xavier_BB_Eberswalde_UAV_AOE,polygon,2025-01,21,-14.597645940124403
20210706_EW_WW_Kaufland_AOE,polygon,2025-01,21,-14.521502088553323
20220226_EW_WW_Campus_Oberheide_AOE,polygon,2025-01,21,-14.390383453120467
2022_Zeynep_BB_Eberswalde_UAV_AOE,polygon,2025-01,21,-14.584955419247612
20220212_Barnekow_3_AOE,polygon,2025-01,21,-15.906870934615766
20220212_Barnekow_5_AOE,polygon,2025-01,21,-16.61026691688602
2022_Zeynep_MV_Barnekow_AOE,polygon,2025-01,21,-16.359153176947384
2022_Zeynep_MV_Bremerhagen_AOE,polygon,2025-01,21,-16.811932896812554
20220209_Bremerhagen_3_AOE,polygon,2025-01,21,-17.613887518592726
20171016_EW_WW_Campus_AOE,ring,2025-01,21,-14.293606822809602
20171114_EW_WW_Bachsee_north_AOE,ring,2025-01,21,-14.714651722506717
2017_Xavier_BB_Eberswalde_UAV_AOE,ring,2025-01,21,-14.541918865933132
20210706_EW_WW_Kaufland_AOE,ring,2025-01,21,-14.619794489735657
20220226_EW_WW_Campus_Oberheide_AOE,ring,2025-01,21,-14.299267734610055
2022_Zeynep_BB_Eberswalde_UAV_AOE,ring,2025-01,21,-14.714101529723237
20220212_Barnekow_3_AOE,ring,2025-01,21,-15.060432511460887
20220212_Barnekow_5_AOE,ring,2025-01,21,-15.075652326791117
2022_Zeynep_MV_Barnekow_AOE,ring,2025-01,21,-15.114113579838811
2022_Zeynep_MV_Bremerhagen_AOE,ring,2025-01,21,-14.93846432494553
20220209_Bremerhagen_3_AOE,ring,2025-01,21,-15.087968299116145
20171016_EW_WW_Campus_AOE,polygon,2025-02,19,-16.291692389147595
20171114_EW_WW_Bachsee_north_AOE,polygon,2025-02,19,-14.755984287143118
2017_Xavier_BB_Eberswalde_UAV_AOE,polygon,2025-02,19,-15.6954196553677
20210706_EW_WW_Kaufland_AOE,polygon,2025-02,19,-16.658982378954274
20220226_EW_WW_Campus_Oberheide_AOE,polygon,2025-02,19,-15.61839669203537
2022_Zeynep_BB_Eberswalde_UAV_AOE,polygon,2025-02,19,-15.811307061033734
20220212_Barnekow_3_AOE,polygon,2025-02,19,-17.34685424713324
20220212_Barnekow_5_AOE,polygon,2025-02,19,-17.9293908030282
2022_Zeynep_MV_Barnekow_AOE,polygon,2025-02,19,-18.024473140633283
2022_Zeynep_MV_Bremerhagen_AOE,polygon,2025-02,19,-18.289322531869153
20220209_Bremerhagen_3_AOE,polygon,2025-02,19,-19.093513303272587
20171016_EW_WW_Campus_AOE,ring,2025-02,19,-15.381486439507624
20171114_EW_WW_Bachsee_north_AOE,ring,2025-02,19,-15.279837965293728
2017_Xavier_BB_Eberswalde_UAV_AOE,ring,2025-02,19,-15.41553291331641
20210706_EW_WW_Kaufland_AOE,ring,2025-02,19,-15.886921645035278
20220226_EW_WW_Campus_Oberheide_AOE,ring,2025-02,19,-15.44562597264067
2022_Zeynep_BB_Eberswalde_UAV_AOE,ring,2025-02,19,-15.706122136550684
20220212_Barnekow_3_AOE,ring,2025-02,19,-16.31601620721407
20220212_Barnekow_5_AOE,ring,2025-02,19,-16.35537076879139
2022_Zeynep_MV_Barnekow_AOE,ring,2025-02,19,-16.293260182168538
2022_Zeynep_MV_Bremerhagen_AOE,ring,2025-02,19,-15.957594143579005
20220209_Bremerhagen_3_AOE,ring,2025-02,19,-16.167046441165418
20171016_EW_WW_Campus_AOE,polygon,2025-03,23,-15.508558229933012
20171114_EW_WW_Bachsee_north_AOE,polygon,2025-03,23,-14.589771009385796
2017_Xavier_BB_Eberswalde_UAV_AOE,polygon,2025-03,23,-15.178928964645177
20210706_EW_WW_Kaufland_AOE,polygon,2025-03,23,-15.830276663428686
20220226_EW_WW_Campus_Oberheide_AOE,polygon,2025-03,23,-14.858654568170431
2022_Zeynep_BB_Eberswalde_UAV_AOE,polygon,2025-03,23,-15.03922942152936
20220212_Barnekow_3_AOE,polygon,2025-03,23,-17.31051208023181
20220212_Barnekow_5_AOE,polygon,2025-03,23,-17.154848624176402
2022_Zeynep_MV_Barnekow_AOE,polygon,2025-03,23,-17.497606080390135
2022_Zeynep_MV_Bremerhagen_AOE,polygon,2025-03,23,-17.6201501700125
20220209_Bremerhagen_3_AOE,polygon,2025-03,23,-18.452017903060963
20171016_EW_WW_Campus_AOE,ring,2025-03,23,-14.606460556054037
20171114_EW_WW_Bachsee_north_AOE,ring,2025-03,23,-14.77264032019422
2017_Xavier_BB_Eberswalde_UAV_AOE,ring,2025-03,23,-14.775700951266474
20210706_EW_WW_Kaufland_AOE,ring,2025-03,23,-15.064028383840895
20220226_EW_WW_Campus_Oberheide_AOE,ring,2025-03,23,-14.649645442509785
2022_Zeynep_BB_Eberswalde_UAV_AOE,ring,2025-03,23,-14.993495986171805
20220212_Barnekow_3_AOE,ring,2025-03,23,-15.498060294317778
20220212_Barnekow_5_AOE,ring,2025-03,23,-15.63193429450287
2022_Zeynep_MV_Barnekow_AOE,ring,2025-03,23,-15.532994979176761
2022_Zeynep_MV_Bremerhagen_AOE,ring,2025-03,23,-15.04430487852449
20220209_Bremerhagen_3_AOE,ring,2025-03,23,-15.269419964572839
20171016_EW_WW_Campus_AOE,polygon,2025-04,42,-15.443598817829795
20171114_EW_WW_Bachsee_north_AOE,polygon,2025-04,42,-14.201718875913349
2017_Xavier_BB_Eberswalde_UAV_AOE,polygon,2025-04,42,-14.9917323890162
20210706_EW_WW_Kaufland_AOE,polygon,2025-04,42,-15.974570600938486
20220226_EW_WW_Campus_Oberheide_AOE,polygon,2025-04,42,-14.859924660562678
2022_Zeynep_BB_Eberswalde_UAV_AOE,polygon,2025-04,42,-15.046654174408875
20220212_Barnekow_3_AOE,polygon,2025-04,42,-16.916752338205136
20220212_Barnekow_5_AOE,polygon,2025-04,42,-17.206417276616246
2022_Zeynep_MV_Barnekow_AOE,polygon,2025-04,42,-17.51995013315194
2022_Zeynep_MV_Bremerhagen_AOE,polygon,2025-04,42,-18.072786411609385
20220209_Bremerhagen_3_AOE,polygon,2025-04,42,-19.01793090275967
20171016_EW_WW_Campus_AOE,ring,2025-04,42,-14.697021311891055
20171114_EW_WW_Bachsee_north_AOE,ring,2025-04,42,-14.679668286678478
2017_Xavier_BB_Eberswalde_UAV_AOE,ring,2025-04,42,-14.751047132585478
20210706_EW_WW_Kaufland_AOE,ring,2025-04,42,-14.984100610533599
20220226_EW_WW_Campus_Oberheide_AOE,ring,2025-04,42,-14.710967835106349
2022_Zeynep_BB_Eberswalde_UAV_AOE,ring,2025-04,42,-14.947682667314922
20220212_Barnekow_3_AOE,ring,2025-04,42,-15.508251299350022
20220212_Barnekow_5_AOE,ring,2025-04,42,-15.655214187340004
2022_Zeynep_MV_Barnekow_AOE,ring,2025-04,42,-15.566904984197107
2022_Zeynep_MV_Bremerhagen_AOE,ring,2025-04,42,-15.328184052347439
20220209_Bremerhagen_3_AOE,ring,2025-04,42,-15.536470154879787
20171016_EW_WW_Campus_AOE,polygon,2025-05,41,-16.621081334571162
20171114_EW_WW_Bachsee_north_AOE,polygon,2025-05,41,-16.19721522522555
2017_Xavier_BB_Eberswalde_UAV_AOE,polygon,2025-05,41,-16.46664785988113
20210706_EW_WW_Kaufland_AOE,polygon,2025-05,41,-17.183265495778087
20220226_EW_WW_Campus_Oberheide_AOE,polygon,2025-05,41,-16.16502208151562
2022_Zeynep_BB_Eberswalde_UAV_AOE,polygon,2025-05,41,-16.344589141197677
20220212_Barnekow_3_AOE,polygon,2025-05,41,-16.992898260718263
20220212_Barnekow_5_AOE,polygon,2025-05,41,-17.575268378805806
2022_Zeynep_MV_Barnekow_AOE,polygon,2025-05,41,-17.660759963373355
2022_Zeynep_MV_Bremerhagen_AOE,polygon,2025-05,41,-17.56264313677022
20220209_Bremerhagen_3_AOE,polygon,2025-05,41,-19.208317356589813
20171016_EW_WW_Campus_AOE,ring,2025-05,41,-15.992588839615038
20171114_EW_WW_Bachsee_north_AOE,ring,2025-05,41,-15.821512852934484
2017_Xavier_BB_Eberswalde_UAV_AOE,ring,2025-05,41,-15.917198743704663
20210706_EW_WW_Kaufland_AOE,ring,2025-05,41,-15.972153434214615
20220226_EW_WW_Campus_Oberheide_AOE,ring,2025-05,41,-16.027070981197376
2022_Zeynep_BB_Eberswalde_UAV_AOE,ring,2025-05,41,-15.922259536898439
20220212_Barnekow_3_AOE,ring,2025-05,41,-15.71936518647835
20220212_Barnekow_5_AOE,ring,2025-05,41,-15.989503866531306
2022_Zeynep_MV_Barnekow_AOE,ring,2025-05,41,-15.960205605696723
2022_Zeynep_MV_Bremerhagen_AOE,ring,2025-05,41,-15.924371511069438
20220209_Bremerhagen_3_AOE,ring,2025-05,41,-15.95222713005359
20171016_EW_WW_Campus_AOE,polygon,2025-06,40,-15.770520875782049
20171114_EW_WW_Bachsee_north_AOE,polygon,2025-06,40,-15.521643187739306
2017_Xavier_BB_Eberswalde_UAV_AOE,polygon,2025-06,40,-15.711421760790994
20210706_EW_WW_Kaufland_AOE,polygon,2025-06,40,-16.209822163457382
20220226_EW_WW_Campus_Oberheide_AOE,polygon,2025-06,40,-15.343981759327283
2022_Zeynep_BB_Eberswalde_UAV_AOE,polygon,2025-06,40,-15.571725120963894
20220212_Barnekow_3_AOE,polygon,2025-06,40,-16.60560088634823
20220212_Barnekow_5_AOE,polygon,2025-06,40,-17.47255501864464
2022_Zeynep_MV_Barnekow_AOE,polygon,2025-06,40,-17.08826244497635
2022_Zeynep_MV_Bremerhagen_AOE,polygon,2025-06,40,-16.870718507549814
20220209_Bremerhagen_3_AOE,polygon,2025-06,40,-17.968139392607302
20171016_EW_WW_Campus_AOE,ring,2025-06,40,-15.35496100830788
20171114_EW_WW_Bachsee_north_AOE,ring,2025-06,40,-15.368695887262168
2017_Xavier_BB_Eberswalde_UAV_AOE,ring,2025-06,40,-15.399727749834204
20210706_EW_WW_Kaufland_AOE,ring,2025-06,40,-15.619915876927399
20220226_EW_WW_Campus_Oberheide_AOE,ring,2025-06,40,-15.354783243269479
2022_Zeynep_BB_Eberswalde_UAV_AOE,ring,2025-06,40,-15.464297439597932
20220212_Barnekow_3_AOE,ring,2025-06,40,-15.315715409892174
20220212_Barnekow_5_AOE,ring,2025-06,40,-15.623483482242069
2022_Zeynep_MV_Barnekow_AOE,ring,2025-06,40,-15.597527270027506
2022_Zeynep_MV_Bremerhagen_AOE,ring,2025-06,40,-15.491491141050254
20220209_Bremerhagen_3_AOE,ring,2025-06,40,-15.444291675211803
20171016_EW_WW_Campus_AOE,polygon,2025-07,42,-15.458047332846348
20171114_EW_WW_Bachsee_north_AOE,polygon,2025-07,42,-15.181587288212482
2017_Xavier_BB_Eberswalde_UAV_AOE,polygon,2025-07,42,-15.415541215155873
20210706_EW_WW_Kaufland_AOE,polygon,2025-07,42,-15.848153643994253
20220226_EW_WW_Campus_Oberheide_AOE,polygon,2025-07,42,-15.183852678398603
2022_Zeynep_BB_Eberswalde_UAV_AOE,polygon,2025-07,42,-15.333230287321324
20220212_Barnekow_3_AOE,polygon,2025-07,42,-16.119825091174636
20220212_Barnekow_5_AOE,polygon,2025-07,42,-17.087813743808386
2022_Zeynep_MV_Barnekow_AOE,polygon,2025-07,42,-16.710100197588556
2022_Zeynep_MV_Bremerhagen_AOE,polygon,2025-07,42,-16.60998495291282
20220209_Bremerhagen_3_AOE,polygon,2025-07,42,-17.2941317630157
20171016_EW_WW_Campus_AOE,ring,2025-07,42,-15.169294515986548
20171114_EW_WW_Bachsee_north_AOE,ring,2025-07,42,-14.949733896324194
2017_Xavier_BB_Eberswalde_UAV_AOE,ring,2025-07,42,-15.090290653977794
20210706_EW_WW_Kaufland_AOE,ring,2025-07,42,-15.306348599617987
20220226_EW_WW_Campus_Oberheide_AOE,ring,2025-07,42,-15.155358720045625
2022_Zeynep_BB_Eberswalde_UAV_AOE,ring,2025-07,42,-15.162286404845505
20220212_Barnekow_3_AOE,ring,2025-07,42,-15.250213682717199
20220212_Barnekow_5_AOE,ring,2025-07,42,-15.489495810952219
2022_Zeynep_MV_Barnekow_AOE,ring,2025-07,42,-15.468556553424722
2022_Zeynep_MV_Bremerhagen_AOE,ring,2025-07,42,-15.427204684306279
20220209_Bremerhagen_3_AOE,ring,2025-07,42,-15.420079555271654
20171016_EW_WW_Campus_AOE,polygon,2025-08,41,-15.854765127752323
20171114_EW_WW_Bachsee_north_AOE,polygon,2025-08,41,-15.466498912190318
2017_Xavier_BB_Eberswalde_UAV_AOE,polygon,2025-08,41,-15.81423355181177
20210706_EW_WW_Kaufland_AOE,polygon,2025-08,41,-16.848807557752995
20220226_EW_WW_Campus_Oberheide_AOE,polygon,2025-08,41,-15.585191984499962
2022_Zeynep_BB_Eberswalde_UAV_AOE,polygon,2025-08,41,-15.746627600631548
20220212_Barnekow_3_AOE,polygon,2025-08,41,-16.47382518865561
20220212_Barnekow_5_AOE,polygon,2025-08,41,-17.43660944489966
2022_Zeynep_MV_Barnekow_AOE,polygon,2025-08,41,-17.157732046084647
2022_Zeynep_MV_Bremerhagen_AOE,polygon,2025-08,41,-17.219321516840786
20220209_Bremerhagen_3_AOE,polygon,2025-08,41,-17.359296108724802
20171016_EW_WW_Campus_AOE,ring,2025-08,41,-15.555276459220893
20171114_EW_WW_Bachsee_north_AOE,ring,2025-08,41,-15.309050317343452
2017_Xavier_BB_Eberswalde_UAV_AOE,ring,2025-08,41,-15.475206350773446
20210706_EW_WW_Kaufland_AOE,ring,2025-08,41,-15.716105381407164
20220226_EW_WW_Campus_Oberheide_AOE,ring,2025-08,41,-15.570915019613537
2022_Zeynep_BB_Eberswalde_UAV_AOE,ring,2025-08,41,-15.557893668410742
20220212_Barnekow_3_AOE,ring,2025-08,41,-15.715449154997597
20220212_Barnekow_5_AOE,ring,2025-08,41,-15.889835382031174
2022_Zeynep_MV_Barnekow_AOE,ring,2025-08,41,-15.935300908275046
2022_Zeynep_MV_Bremerhagen_AOE,ring,2025-08,41,-15.906374661457038
20220209_Bremerhagen_3_AOE,ring,2025-08,41,-15.91201257609411
20171016_EW_WW_Campus_AOE,polygon,2025-09,38,-15.81380863043679
20171114_EW_WW_Bachsee_north_AOE,polygon,2025-09,38,-15.874035913386104
2017_Xavier_BB_Eberswalde_UAV_AOE,polygon,2025-09,38,-15.865500866999344
20210706_EW_WW_Kaufland_AOE,polygon,2025-09,38,-15.750560357858317
20220226_EW_WW_Campus_Oberheide_AOE,polygon,2025-09,38,-15.53838968528344
2022_Zeynep_BB_Eberswalde_UAV_AOE,polygon,2025-09,38,-15.727118401264084
20220212_Barnekow_3_AOE,polygon,2025-09,38,-16.915686563252894
20220212_Barnekow_5_AOE,polygon,2025-09,38,-17.632090260986825
2022_Zeynep_MV_Barnekow_AOE,polygon,2025-09,38,-17.396475392733276
2022_Zeynep_MV_Bremerhagen_AOE,polygon,2025-09,38,-17.31446846905097
20220209_Bremerhagen_3_AOE,polygon,2025-09,38,-17.436662923975753
20171016_EW_WW_Campus_AOE,ring,2025-09,38,-15.63929778852448
20171114_EW_WW_Bachsee_north_AOE,ring,2025-09,38,-15.53231509229524
2017_Xavier_BB_Eberswalde_UAV_AOE,ring,2025-09,38,-15.592714491315595
20210706_EW_WW_Kaufland_AOE,ring,2025-09,38,-15.679852669694208
20220226_EW_WW_Campus_Oberheide_AOE,ring,2025-09,38,-15.653327440403334
2022_Zeynep_BB_Eberswalde_UAV_AOE,ring,2025-09,38,-15.591369791430477
20220212_Barnekow_3_AOE,ring,2025-09,38,-15.964868671195246
20220212_Barnekow_5_AOE,ring,2025-09,38,-16.13149426704154
2022_Zeynep_MV_Barnekow_AOE,ring,2025-09,38,-16.174081056958453
2022_Zeynep_MV_Bremerhagen_AOE,ring,2025-09,38,-15.994707963603348
20220209_Bremerhagen_3_AOE,ring,2025-09,38,-16.008834001901324
20171016_EW_WW_Campus_AOE,polygon,2025-10,40,-16.040302131633524
20171114_EW_WW_Bachsee_north_AOE,polygon,2025-10,40,-15.739303785794622
2017_Xavier_BB_Eberswalde_UAV_AOE,polygon,2025-10,40,-15.934095205340103
20210706_EW_WW_Kaufland_AOE,polygon,2025-10,40,-15.825393846802408
20220226_EW_WW_Campus_Oberheide_AOE,polygon,2025-10,40,-15.831748163892224
2022_Zeynep_BB_Eberswalde_UAV_AOE,polygon,2025-10,40,-15.941344826623663
20220212_Barnekow_3_AOE,polygon,2025-10,40,-16.824139820178832
20220212_Barnekow_5_AOE,polygon,2025-10,40,-17.510457267766924
2022_Zeynep_MV_Barnekow_AOE,polygon,2025-10,40,-17.204482053508173
2022_Zeynep_MV_Bremerhagen_AOE,polygon,2025-10,40,-17.253663070074293
20220209_Bremerhagen_3_AOE,polygon,2025-10,40,-17.52644875823593
20171016_EW_WW_Campus_AOE,ring,2025-10,40,-15.782306545336887
20171114_EW_WW_Bachsee_north_AOE,ring,2025-10,40,-15.584111547024667
2017_Xavier_BB_Eberswalde_UAV_AOE,ring,2025-10,40,-15.680894369770053
20210706_EW_WW_Kaufland_AOE,ring,2025-10,40,-15.79387018245077
20220226_EW_WW_Campus_Oberheide_AOE,ring,2025-10,40,-15.789361678772924
2022_Zeynep_BB_Eberswalde_UAV_AOE,ring,2025-10,40,-15.742260465273029
20220212_Barnekow_3_AOE,ring,2025-10,40,-15.997138117638686
20220212_Barnekow_5_AOE,ring,2025-10,40,-16.023142919372113
2022_Zeynep_MV_Barnekow_AOE,ring,2025-10,40,-16.071731048460197
2022_Zeynep_MV_Bremerhagen_AOE,ring,2025-10,40,-15.90904383307391
20220209_Bremerhagen_3_AOE,ring,2025-10,40,-15.957267179100707
20171016_EW_WW_Campus_AOE,polygon,2025-11,37,-14.7563097297012
20171114_EW_WW_Bachsee_north_AOE,polygon,2025-11,37,-14.200512892606532
2017_Xavier_BB_Eberswalde_UAV_AOE,polygon,2025-11,37,-14.592026480433889
20210706_EW_WW_Kaufland_AOE,polygon,2025-11,37,-14.883633629894037
20220226_EW_WW_Campus_Oberheide_AOE,polygon,2025-11,37,-14.377127161640683
2022_Zeynep_BB_Eberswalde_UAV_AOE,polygon,2025-11,37,-14.614177151144668
20220212_Barnekow_3_AOE,polygon,2025-11,37,-16.28650645893318
20220212_Barnekow_5_AOE,polygon,2025-11,37,-17.405110116041236
2022_Zeynep_MV_Barnekow_AOE,polygon,2025-11,37,-16.991592817414304
2022_Zeynep_MV_Bremerhagen_AOE,polygon,2025-11,37,-17.242982646300632
20220209_Bremerhagen_3_AOE,polygon,2025-11,37,-17.589349369989524
20171016_EW_WW_Campus_AOE,ring,2025-11,37,-14.41302549406219
20171114_EW_WW_Bachsee_north_AOE,ring,2025-11,37,-14.646199010372403
2017_Xavier_BB_Eberswalde_UAV_AOE,ring,2025-11,37,-14.589007541201328
20210706_EW_WW_Kaufland_AOE,ring,2025-11,37,-14.739736911600538
20220226_EW_WW_Campus_Oberheide_AOE,ring,2025-11,37,-14.435527949023756
2022_Zeynep_BB_Eberswalde_UAV_AOE,ring,2025-11,37,-14.800874711290158
20220212_Barnekow_3_AOE,ring,2025-11,37,-15.531330685547506
20220212_Barnekow_5_AOE,ring,2025-11,37,-15.513770843916152
2022_Zeynep_MV_Barnekow_AOE,ring,2025-11,37,-15.560118056365587
2022_Zeynep_MV_Bremerhagen_AOE,ring,2025-11,37,-15.278081654167284
20220209_Bremerhagen_3_AOE,ring,2025-11,37,-15.459221447919663
20171016_EW_WW_Campus_AOE,polygon,2025-12,42,-15.032676988975343
20171114_EW_WW_Bachsee_north_AOE,polygon,2025-12,42,-14.249048547151236
2017_Xavier_BB_Eberswalde_UAV_AOE,polygon,2025-12,42,-14.747893447539576
20210706_EW_WW_Kaufland_AOE,polygon,2025-12,42,-15.335404140470047
20220226_EW_WW_Campus_Oberheide_AOE,polygon,2025-12,42,-14.73761749341791
2022_Zeynep_BB_Eberswalde_UAV_AOE,polygon,2025-12,42,-14.85139630225853
20220212_Barnekow_3_AOE,polygon,2025-12,42,-15.862650843192803
20220212_Barnekow_5_AOE,polygon,2025-12,42,-16.824763193079573
2022_Zeynep_MV_Barnekow_AOE,polygon,2025-12,42,-16.54348343820237
2022_Zeynep_MV_Bremerhagen_AOE,polygon,2025-12,42,-17.021926323301724
20220209_Bremerhagen_3_AOE,polygon,2025-12,42,-17.038778207513523
20171016_EW_WW_Campus_AOE,ring,2025-12,42,-14.613304678134694
20171114_EW_WW_Bachsee_north_AOE,ring,2025-12,42,-14.799490747837002
2017_Xavier_BB_Eberswalde_UAV_AOE,ring,2025-12,42,-14.766451921168452
20210706_EW_WW_Kaufland_AOE,ring,2025-12,42,-14.975752292651384
20220226_EW_WW_Campus_Oberheide_AOE,ring,2025-12,42,-14.656121247304391
2022_Zeynep_BB_Eberswalde_UAV_AOE,ring,2025-12,42,-15.01571693330366
20220212_Barnekow_3_AOE,ring,2025-12,42,-15.357530816381432
20220212_Barnekow_5_AOE,ring,2025-12,42,-15.321848620494253
2022_Zeynep_MV_Barnekow_AOE,ring,2025-12,42,-15.339246101899208
2022_Zeynep_MV_Bremerhagen_AOE,ring,2025-12,42,-15.031511075740069
20220209_Bremerhagen_3_AOE,ring,2025-12,42,-15.249677125655017
20171016_EW_WW_Campus_AOE,polygon,2026-01,40,-16.453480017639343
20171114_EW_WW_Bachsee_north_AOE,polygon,2026-01,40,-15.332745418622059
2017_Xavier_BB_Eberswalde_UAV_AOE,polygon,2026-01,40,-16.068002617419687
20210706_EW_WW_Kaufland_AOE,polygon,2026-01,40,-16.780310316396605
20220226_EW_WW_Campus_Oberheide_AOE,polygon,2026-01,40,-16.144706322828586
2022_Zeynep_BB_Eberswalde_UAV_AOE,polygon,2026-01,40,-16.22080966872668
20220212_Barnekow_3_AOE,polygon,2026-01,40,-17.662989099891114
20220212_Barnekow_5_AOE,polygon,2026-01,40,-18.574876841836197
2022_Zeynep_MV_Barnekow_AOE,polygon,2026-01,40,-18.582607426084035
2022_Zeynep_MV_Bremerhagen_AOE,polygon,2026-01,40,-18.89871168090042
20220209_Bremerhagen_3_AOE,polygon,2026-01,40,-19.951409886822645
20171016_EW_WW_Campus_AOE,ring,2026-01,40,-15.772893444388066
20171114_EW_WW_Bachsee_north_AOE,ring,2026-01,40,-15.94323331620328
2017_Xavier_BB_Eberswalde_UAV_AOE,ring,2026-01,40,-15.92658352669002
20210706_EW_WW_Kaufland_AOE,ring,2026-01,40,-16.149101508700003
20220226_EW_WW_Campus_Oberheide_AOE,ring,2026-01,40,-15.829669406915391
2022_Zeynep_BB_Eberswalde_UAV_AOE,ring,2026-01,40,-16.195321716955142
20220212_Barnekow_3_AOE,ring,2026-01,40,-16.80105186402645
20220212_Barnekow_5_AOE,ring,2026-01,40,-16.824712013247144
2022_Zeynep_MV_Barnekow_AOE,ring,2026-01,40,-16.813426818447724
2022_Zeynep_MV_Bremerhagen_AOE,ring,2026-01,40,-16.64621762212675
20220209_Bremerhagen_3_AOE,ring,2026-01,40,-16.871565754085346
20171016_EW_WW_Campus_AOE,polygon,2026-02,38,-15.834334784561985
20171114_EW_WW_Bachsee_north_AOE,polygon,2026-02,38,-14.525535189687243
2017_Xavier_BB_Eberswalde_UAV_AOE,polygon,2026-02,38,-15.291558498057553
20210706_EW_WW_Kaufland_AOE,polygon,2026-02,38,-15.217519079223269
20220226_EW_WW_Campus_Oberheide_AOE,polygon,2026-02,38,-15.396231723486832
2022_Zeynep_BB_Eberswalde_UAV_AOE,polygon,2026-02,38,-15.551675327460842
20220212_Barnekow_3_AOE,polygon,2026-02,38,-16.582380531226644
20220212_Barnekow_5_AOE,polygon,2026-02,38,-17.257031362108194
2022_Zeynep_MV_Barnekow_AOE,polygon,2026-02,38,-17.154500296640137
2022_Zeynep_MV_Bremerhagen_AOE,polygon,2026-02,38,-17.783550398808313
20220209_Bremerhagen_3_AOE,polygon,2026-02,38,-18.07124806020644
20171016_EW_WW_Campus_AOE,ring,2026-02,38,-15.147957882782075
20171114_EW_WW_Bachsee_north_AOE,ring,2026-02,38,-15.240319088700312
2017_Xavier_BB_Eberswalde_UAV_AOE,ring,2026-02,38,-15.246827163398832
20210706_EW_WW_Kaufland_AOE,ring,2026-02,38,-15.441508577640132
20220226_EW_WW_Campus_Oberheide_AOE,ring,2026-02,38,-15.19840401273271
2022_Zeynep_BB_Eberswalde_UAV_AOE,ring,2026-02,38,-15.523471400291053
20220212_Barnekow_3_AOE,ring,2026-02,38,-16.068977036980137
20220212_Barnekow_5_AOE,ring,2026-02,38,-15.993647447870195
2022_Zeynep_MV_Barnekow_AOE,ring,2026-02,38,-16.065808522017317
2022_Zeynep_MV_Bremerhagen_AOE,ring,2026-02,38,-16.05473725349009
20220209_Bremerhagen_3_AOE,ring,2026-02,38,-16.208191039033522
20171016_EW_WW_Campus_AOE,polygon,2026-03,42,-14.969207768069076
20171114_EW_WW_Bachsee_north_AOE,polygon,2026-03,42,-14.109761941189316
2017_Xavier_BB_Eberswalde_UAV_AOE,polygon,2026-03,42,-14.68430449834269
20210706_EW_WW_Kaufland_AOE,polygon,2026-03,42,-15.213819454161385
20220226_EW_WW_Campus_Oberheide_AOE,polygon,2026-03,42,-14.506565614571498
2022_Zeynep_BB_Eberswalde_UAV_AOE,polygon,2026-03,42,-14.70896163010411
20220212_Barnekow_3_AOE,polygon,2026-03,42,-16.498666362823247
20220212_Barnekow_5_AOE,polygon,2026-03,42,-16.9264244273405
2022_Zeynep_MV_Barnekow_AOE,polygon,2026-03,42,-17.01667936964585
2022_Zeynep_MV_Bremerhagen_AOE,polygon,2026-03,42,-17.328020344978288
20220209_Bremerhagen_3_AOE,polygon,2026-03,42,-18.0858904649754
20171016_EW_WW_Campus_AOE,ring,2026-03,42,-14.294048687727638
20171114_EW_WW_Bachsee_north_AOE,ring,2026-03,42,-14.576743433099516
2017_Xavier_BB_Eberswalde_UAV_AOE,ring,2026-03,42,-14.493820492608435
20210706_EW_WW_Kaufland_AOE,ring,2026-03,42,-14.69319107212788
20220226_EW_WW_Campus_Oberheide_AOE,ring,2026-03,42,-14.355896361852212
2022_Zeynep_BB_Eberswalde_UAV_AOE,ring,2026-03,42,-14.746111121045946
20220212_Barnekow_3_AOE,ring,2026-03,42,-15.294939752438289
20220212_Barnekow_5_AOE,ring,2026-03,42,-15.298851623947813
2022_Zeynep_MV_Barnekow_AOE,ring,2026-03,42,-15.267936934194491
2022_Zeynep_MV_Bremerhagen_AOE,ring,2026-03,42,-14.96867246703001
20220209_Bremerhagen_3_AOE,ring,2026-03,42,-15.198521476619856
20171016_EW_WW_Campus_AOE,polygon,2026-04,47,-14.663193478413948
20171114_EW_WW_Bachsee_north_AOE,polygon,2026-04,47,-13.5536665251916
2017_Xavier_BB_Eberswalde_UAV_AOE,polygon,2026-04,47,-14.277309692478145
20210706_EW_WW_Kaufland_AOE,polygon,2026-04,47,-15.112224379931265
20220226_EW_WW_Campus_Oberheide_AOE,polygon,2026-04,47,-14.142943065254432
2022_Zeynep_BB_Eberswalde_UAV_AOE,polygon,2026-04,47,-14.439275986023796
20220212_Barnekow_3_AOE,polygon,2026-04,47,-16.53665362297972
20220212_Barnekow_5_AOE,polygon,2026-04,47,-17.19709698929599
2022_Zeynep_MV_Barnekow_AOE,polygon,2026-04,47,-17.278945585238844
2022_Zeynep_MV_Bremerhagen_AOE,polygon,2026-04,47,-17.586573631659608
20220209_Bremerhagen_3_AOE,polygon,2026-04,47,-18.004314654333456
20171016_EW_WW_Campus_AOE,ring,2026-04,47,-14.11948050290803
20171114_EW_WW_Bachsee_north_AOE,ring,2026-04,47,-14.18416759721232
2017_Xavier_BB_Eberswalde_UAV_AOE,ring,2026-04,47,-14.220265513516381
20210706_EW_WW_Kaufland_AOE,ring,2026-04,47,-14.507407547890676
20220226_EW_WW_Campus_Oberheide_AOE,ring,2026-04,47,-14.171455618602902
2022_Zeynep_BB_Eberswalde_UAV_AOE,ring,2026-04,47,-14.467530569335688
20220212_Barnekow_3_AOE,ring,2026-04,47,-15.291039781343239
20220212_Barnekow_5_AOE,ring,2026-04,47,-15.29020551138458
2022_Zeynep_MV_Barnekow_AOE,ring,2026-04,47,-15.290037560486539
2022_Zeynep_MV_Bremerhagen_AOE,ring,2026-04,47,-14.983240741724854
20220209_Bremerhagen_3_AOE,ring,2026-04,47,-15.182163403209206
20171016_EW_WW_Campus_AOE,polygon,2026-05,62,-15.709213645329676
20171114_EW_WW_Bachsee_north_AOE,polygon,2026-05,62,-15.244896685305621
2017_Xavier_BB_Eberswalde_UAV_AOE,polygon,2026-05,62,-15.555988586147906
20210706_EW_WW_Kaufland_AOE,polygon,2026-05,62,-15.903228632701852
20220226_EW_WW_Campus_Oberheide_AOE,polygon,2026-05,62,-15.234577529852478
2022_Zeynep_BB_Eberswalde_UAV_AOE,polygon,2026-05,62,-15.432235417273553
20220212_Barnekow_3_AOE,polygon,2026-05,62,-16.485180480885923
20220212_Barnekow_5_AOE,polygon,2026-05,62,-17.340903442744082
2022_Zeynep_MV_Barnekow_AOE,polygon,2026-05,62,-17.187935665383588
2022_Zeynep_MV_Bremerhagen_AOE,polygon,2026-05,62,-17.084074749577514
20220209_Bremerhagen_3_AOE,polygon,2026-05,62,-17.936951688891824
20171016_EW_WW_Campus_AOE,ring,2026-05,62,-15.155151036437228
20171114_EW_WW_Bachsee_north_AOE,ring,2026-05,62,-15.09911530384652
2017_Xavier_BB_Eberswalde_UAV_AOE,ring,2026-05,62,-15.106609074608546
20210706_EW_WW_Kaufland_AOE,ring,2026-05,62,-15.034702621979514
20220226_EW_WW_Campus_Oberheide_AOE,ring,2026-05,62,-15.16534059659357
2022_Zeynep_BB_Eberswalde_UAV_AOE,ring,2026-05,62,-15.128211016145876
20220212_Barnekow_3_AOE,ring,2026-05,62,-15.461573894711153
20220212_Barnekow_5_AOE,ring,2026-05,62,-15.647810939405813
2022_Zeynep_MV_Barnekow_AOE,ring,2026-05,62,-15.586187768182752
2022_Zeynep_MV_Bremerhagen_AOE,ring,2026-05,62,-15.538232661712755
20220209_Bremerhagen_3_AOE,ring,2026-05,62,-15.637616326184368
20171016_EW_WW_Campus_AOE,polygon,2026-06,50,-15.25746118194817
20171114_EW_WW_Bachsee_north_AOE,polygon,2026-06,50,-14.828996294131692
2017_Xavier_BB_Eberswalde_UAV_AOE,polygon,2026-06,50,-15.145815444723143
20210706_EW_WW_Kaufland_AOE,polygon,2026-06,50,-15.685042864159428
20220226_EW_WW_Campus_Oberheide_AOE,polygon,2026-06,50,-14.922451769955895
2022_Zeynep_BB_Eberswalde_UAV_AOE,polygon,2026-06,50,-15.114821677587397
20220212_Barnekow_3_AOE,polygon,2026-06,50,-16.309724653485183
20220212_Barnekow_5_AOE,polygon,2026-06,50,-17.07653423759372
2022_Zeynep_MV_Barnekow_AOE,polygon,2026-06,50,-16.796616300409333
2022_Zeynep_MV_Bremerhagen_AOE,polygon,2026-06,50,-16.41806410447732
20220209_Bremerhagen_3_AOE,polygon,2026-06,50,-16.920828855144297
20171016_EW_WW_Campus_AOE,ring,2026-06,50,-14.945608177023024
20171114_EW_WW_Bachsee_north_AOE,ring,2026-06,50,-14.815354661996563
2017_Xavier_BB_Eberswalde_UAV_AOE,ring,2026-06,50,-14.951018899123019
20210706_EW_WW_Kaufland_AOE,ring,2026-06,50,-15.231695289397383
20220226_EW_WW_Campus_Oberheide_AOE,ring,2026-06,50,-14.921766942455019
2022_Zeynep_BB_Eberswalde_UAV_AOE,ring,2026-06,50,-15.044851766835553
20220212_Barnekow_3_AOE,ring,2026-06,50,-15.101650397716899
20220212_Barnekow_5_AOE,ring,2026-06,50,-15.292978820176815
2022_Zeynep_MV_Barnekow_AOE,ring,2026-06,50,-15.372632137452522
2022_Zeynep_MV_Bremerhagen_AOE,ring,2026-06,50,-15.259508352999259
20220209_Bremerhagen_3_AOE,ring,2026-06,50,-15.176142988248115
20171016_EW_WW_Campus_AOE,polygon,2026-07,40,-15.276620288706102
20171114_EW_WW_Bachsee_north_AOE,polygon,2026-07,40,-14.85601729438938
2017_Xavier_BB_Eberswalde_UAV_AOE,polygon,2026-07,40,-15.228767075197908
20210706_EW_WW_Kaufland_AOE,polygon,2026-07,40,-15.82909366286737
20220226_EW_WW_Campus_Oberheide_AOE,polygon,2026-07,40,-15.070289234193242
2022_Zeynep_BB_Eberswalde_UAV_AOE,polygon,2026-07,40,-15.250717035724028
20220212_Barnekow_3_AOE,polygon,2026-07,40,-16.432651830476928
20220212_Barnekow_5_AOE,polygon,2026-07,40,-17.33443709675343
2022_Zeynep_MV_Barnekow_AOE,polygon,2026-07,40,-16.889743632736828
2022_Zeynep_MV_Bremerhagen_AOE,polygon,2026-07,40,-16.591698646484645
20220209_Bremerhagen_3_AOE,polygon,2026-07,40,-16.807887647439138
20171016_EW_WW_Campus_AOE,ring,2026-07,40,-15.093500994750778
20171114_EW_WW_Bachsee_north_AOE,ring,2026-07,40,-14.937302059243713
2017_Xavier_BB_Eberswalde_UAV_AOE,ring,2026-07,40,-15.083301504328125
20210706_EW_WW_Kaufland_AOE,ring,2026-07,40,-15.361854369644162
20220226_EW_WW_Campus_Oberheide_AOE,ring,2026-07,40,-15.072595499195142
2022_Zeynep_BB_Eberswalde_UAV_AOE,ring,2026-07,40,-15.200743273660754
20220212_Barnekow_3_AOE,ring,2026-07,40,-15.42471591347493
20220212_Barnekow_5_AOE,ring,2026-07,40,-15.594991616837747
2022_Zeynep_MV_Barnekow_AOE,ring,2026-07,40,-15.664241043395771
2022_Zeynep_MV_Bremerhagen_AOE,ring,2026-07,40,-15.541787888284311
20220209_Bremerhagen_3_AOE,ring,2026-07,40,-15.50300697208757
20171016_EW_WW_Campus_AOE,polygon,2026-08,42,-15.242678048529829
20171114_EW_WW_Bachsee_north_AOE,polygon,2026-08,42,-14.684667443799894
2017_Xavier_BB_Eberswalde_UAV_AOE,polygon,2026-08,42,-15.072988350847831
20210706_EW_WW_Kaufland_AOE,polygon,2026-08,42,-16.12026777925117
20220226_EW_WW_Campus_Oberheide_AOE,polygon,2026-08,42,-14.99536722466031
2022_Zeynep_BB_Eberswalde_UAV_AOE,polygon,2026-08,42,-15.127015037686107
20220212_Barnekow_3_AOE,polygon,2026-08,42,-16.272332166487185
20220212_Barnekow_5_AOE,polygon,2026-08,42,-17.243473241189314
2022_Zeynep_MV_Barnekow_AOE,polygon,2026-08,42,-16.73751905699661
2022_Zeynep_MV_Bremerhagen_AOE,polygon,2026-08,42,-16.830617543851037
20220209_Bremerhagen_3_AOE,polygon,2026-08,42,-17.56191476309586
20171016_EW_WW_Campus_AOE,ring,2026-08,42,-14.913346794994885
20171114_EW_WW_Bachsee_north_AOE,ring,2026-08,42,-14.672069955776012
2017_Xavier_BB_Eberswalde_UAV_AOE,ring,2026-08,42,-14.879064646214218
20210706_EW_WW_Kaufland_AOE,ring,2026-08,42,-15.25925470766
20220226_EW_WW_Campus_Oberheide_AOE,ring,2026-08,42,-14.91234620407944
2022_Zeynep_BB_Eberswalde_UAV_AOE,ring,2026-08,42,-15.023030659737593
20220212_Barnekow_3_AOE,ring,2026-08,42,-15.489027038313118
20220212_Barnekow_5_AOE,ring,2026-08,42,-15.6063572322466
2022_Zeynep_MV_Barnekow_AOE,ring,2026-08,42,-15.717496699745162
2022_Zeynep_MV_Bremerhagen_AOE,ring,2026-08,42,-15.702954440139013
20220209_Bremerhagen_3_AOE,ring,2026-08,42,-15.678644035549487
20171016_EW_WW_Campus_AOE,polygon,2026-09,28,-15.48892453269343
20171114_EW_WW_Bachsee_north_AOE,polygon,2026-09,28,-14.683517564332208
2017_Xavier_BB_Eberswalde_UAV_AOE,polygon,2026-09,28,-15.22869127848082
20210706_EW_WW_Kaufland_AOE,polygon,2026-09,28,-15.639758896640426
20220226_EW_WW_Campus_Oberheide_AOE,polygon,2026-09,28,-15.07817719247629
2022_Zeynep_BB_Eberswalde_UAV_AOE,polygon,2026-09,28,-15.302587728242836
20220212_Barnekow_3_AOE,polygon,2026-09,28,-15.863783512215491
20220212_Barnekow_5_AOE,polygon,2026-09,28,-16.856591690622967
2022_Zeynep_MV_Barnekow_AOE,polygon,2026-09,28,-16.47803006982211
2022_Zeynep_MV_Bremerhagen_AOE,polygon,2026-09,28,-16.526864689958245
20220209_Bremerhagen_3_AOE,polygon,2026-09,28,-16.805228306764313
20171016_EW_WW_Campus_AOE,ring,2026-09,28,-15.176017292362374
20171114_EW_WW_Bachsee_north_AOE,ring,2026-09,28,-14.839589209723322
2017_Xavier_BB_Eberswalde_UAV_AOE,ring,2026-09,28,-15.099039357015876
20210706_EW_WW_Kaufland_AOE,ring,2026-09,28,-15.509137192008527
20220226_EW_WW_Campus_Oberheide_AOE,ring,2026-09,28,-15.172455896812442
2022_Zeynep_BB_Eberswalde_UAV_AOE,ring,2026-09,28,-15.222290071008109
20220212_Barnekow_3_AOE,ring,2026-09,28,-15.480023529204175
20220212_Barnekow_5_AOE,ring,2026-09,28,-15.508696397938618
2022_Zeynep_MV_Barnekow_AOE,ring,2026-09,28,-15.641637752146119
2022_Zeynep_MV_Bremerhagen_AOE,ring,2026-09,28,-15.609723660763748
20220209_Bremerhagen_3_AOE,ring,2026-09,28,-15.603770898454616
20220212_Barnekow_6_AOI,polygon,2016-01,5,-18.170452447344676
20220212_Barnekow_6_AOI,ring,2016-01,5,-17.195590001610018
20220212_Barnekow_6_AOI,polygon,2016-02,3,-16.72771944236088
20220212_Barnekow_6_AOI,ring,2016-02,3,-15.938253853159987
20220212_Barnekow_6_AOI,polygon,2016-03,6,-15.873255249610592
20220212_Barnekow_6_AOI,ring,2016-03,6,-15.526518362273116
20220212_Barnekow_6_AOI,polygon,2016-04,6,-15.590265142917776
20220212_Barnekow_6_AOI,ring,2016-04,6,-15.442905004619469
20220212_Barnekow_6_AOI,polygon,2016-05,6,-14.627993851207234
20220212_Barnekow_6_AOI,ring,2016-05,6,-15.255946509027627
20220212_Barnekow_6_AOI,polygon,2016-06,6,-14.339657037900388
20220212_Barnekow_6_AOI,ring,2016-06,6,-14.961337864336889
20220212_Barnekow_6_AOI,polygon,2016-07,9,-14.933356226974174
20220212_Barnekow_6_AOI,ring,2016-07,9,-14.957199655373257
20220212_Barnekow_6_AOI,polygon,2016-08,11,-15.636169432160266
20220212_Barnekow_6_AOI,ring,2016-08,11,-15.525418244983085
20220212_Barnekow_6_AOI,polygon,2016-09,11,-15.570603294807643
20220212_Barnekow_6_AOI,ring,2016-09,11,-15.662016271426657
20220212_Barnekow_6_AOI,polygon,2016-10,21,-16.01922064351109
20220212_Barnekow_6_AOI,ring,2016-10,21,-15.794772175428795
20220212_Barnekow_6_AOI,polygon,2016-11,11,-16.332281790709583
20220212_Barnekow_6_AOI,ring,2016-11,11,-15.744332537752078
20220212_Barnekow_6_AOI,polygon,2016-12,13,-16.614007776511205
20220212_Barnekow_6_AOI,ring,2016-12,13,-15.74089814156818
20220212_Barnekow_6_AOI,polygon,2017-01,20,-17.248082436157798
20220212_Barnekow_6_AOI,ring,2017-01,20,-16.764807697979393
20220212_Barnekow_6_AOI,polygon,2017-02,19,-16.944676567326944
20220212_Barnekow_6_AOI,ring,2017-02,19,-16.310993629866918
20220212_Barnekow_6_AOI,polygon,2017-03,20,-16.327972414387354
20220212_Barnekow_6_AOI,ring,2017-03,20,-15.510427702176854
20220212_Barnekow_6_AOI,polygon,2017-04,19,-16.136114241344178
20220212_Barnekow_6_AOI,ring,2017-04,19,-15.469365256594747
20220212_Barnekow_6_AOI,polygon,2017-05,21,-15.280972648453227
20220212_Barnekow_6_AOI,ring,2017-05,21,-15.253606872054455
20220212_Barnekow_6_AOI,polygon,2017-06,20,-15.010363730375198
20220212_Barnekow_6_AOI,ring,2017-06,20,-15.061576766910003
20220212_Barnekow_6_AOI,polygon,2017-07,21,-14.870713385654623
20220212_Barnekow_6_AOI,ring,2017-07,21,-14.919878679869278
20220212_Barnekow_6_AOI,polygon,2017-08,20,-15.17060648872256
20220212_Barnekow_6_AOI,ring,2017-08,20,-15.246424105171984
20220212_Barnekow_6_AOI,polygon,2017-09,20,-15.5536862306622
20220212_Barnekow_6_AOI,ring,2017-09,20,-15.64995907840559
20220212_Barnekow_6_AOI,polygon,2017-10,20,-15.37081162160789
20220212_Barnekow_6_AOI,ring,2017-10,20,-15.270474572891288
20220212_Barnekow_6_AOI,polygon,2017-11,19,-15.852794719990875
20220212_Barnekow_6_AOI,ring,2017-11,19,-15.170920174056802
20220212_Barnekow_6_AOI,polygon,2017-12,21,-16.120723717867676
20220212_Barnekow_6_AOI,ring,2017-12,21,-15.349112183381987
20220212_Barnekow_6_AOI,polygon,2018-01,20,-16.227610981984142
20220212_Barnekow_6_AOI,ring,2018-01,20,-15.433398466349436
20220212_Barnekow_6_AOI,polygon,2018-02,19,-17.116683414335487
20220212_Barnekow_6_AOI,ring,2018-02,19,-16.80682496760061
20220212_Barnekow_6_AOI,polygon,2018-03,21,-17.185947281610954
20220212_Barnekow_6_AOI,ring,2018-03,21,-16.45644725467823
20220212_Barnekow_6_AOI,polygon,2018-04,20,-15.721538996688562
20220212_Barnekow_6_AOI,ring,2018-04,20,-15.01720731137221
20220212_Barnekow_6_AOI,polygon,2018-05,20,-15.042326724853522
20220212_Barnekow_6_AOI,ring,2018-05,20,-15.214119780278413
20220212_Barnekow_6_AOI,polygon,2018-06,20,-14.7083957988486
20220212_Barnekow_6_AOI,ring,2018-06,20,-15.224520065286685
20220212_Barnekow_6_AOI,polygon,2018-07,20,-15.274408849158561
20220212_Barnekow_6_AOI,ring,2018-07,20,-15.385480124890535
20220212_Barnekow_6_AOI,polygon,2018-08,42,-15.395679377409872
20220212_Barnekow_6_AOI,ring,2018-08,42,-15.739835022093814
20220212_Barnekow_6_AOI,polygon,2018-09,40,-16.04732396149984
20220212_Barnekow_6_AOI,ring,2018-09,40,-16.156039333712197
20220212_Barnekow_6_AOI,polygon,2018-10,39,-16.217589856475662
20220212_Barnekow_6_AOI,ring,2018-10,39,-16.123729513394014
20220212_Barnekow_6_AOI,polygon,2018-11,38,-16.669560174425705
20220212_Barnekow_6_AOI,ring,2018-11,38,-15.918698928568102
20220212_Barnekow_6_AOI,polygon,2018-12,42,-16.501009506235672
20220212_Barnekow_6_AOI,ring,2018-12,42,-15.51968942451657
20220212_Barnekow_6_AOI,polygon,2019-01,22,-16.91754497517912
20220212_Barnekow_6_AOI,ring,2019-01,22,-16.246288905966548
20220212_Barnekow_6_AOI,polygon,2019-02,17,-16.3906093435723
20220212_Barnekow_6_AOI,ring,2019-02,17,-15.617914050017145
20220212_Barnekow_6_AOI,polygon,2019-03,21,-16.571432550116267
20220212_Barnekow_6_AOI,ring,2019-03,21,-15.519519325509576
20220212_Barnekow_6_AOI,polygon,2019-04,19,-16.549896818213288
20220212_Barnekow_6_AOI,ring,2019-04,19,-15.848313559559749
20220212_Barnekow_6_AOI,polygon,2019-05,21,-16.244785382339792
20220212_Barnekow_6_AOI,ring,2019-05,21,-16.00094207423486
20220212_Barnekow_6_AOI,polygon,2019-06,20,-15.116209367768759
20220212_Barnekow_6_AOI,ring,2019-06,20,-15.358391296697267
20220212_Barnekow_6_AOI,polygon,2019-07,20,-15.323433731490722
20220212_Barnekow_6_AOI,ring,2019-07,20,-15.670908801256036
20220212_Barnekow_6_AOI,polygon,2019-08,21,-15.496134783933153
20220212_Barnekow_6_AOI,ring,2019-08,21,-15.712884451757603
20220212_Barnekow_6_AOI,polygon,2019-09,19,-16.11261395627319
20220212_Barnekow_6_AOI,ring,2019-09,19,-15.944098325623196
20220212_Barnekow_6_AOI,polygon,2019-10,21,-16.007014020154955
20220212_Barnekow_6_AOI,ring,2019-10,21,-15.757717914847957
20220212_Barnekow_6_AOI,polygon,2019-11,19,-16.07403422226656
20220212_Barnekow_6_AOI,ring,2019-11,19,-15.354720498042386
20220212_Barnekow_6_AOI,polygon,2019-12,20,-16.31737257468215
20220212_Barnekow_6_AOI,ring,2019-12,20,-15.377016921658711
20220212_Barnekow_6_AOI,polygon,2020-01,21,-16.47708875268267
20220212_Barnekow_6_AOI,ring,2020-01,21,-15.638420146927118
20220212_Barnekow_6_AOI,polygon,2020-02,19,-16.138936897063928
20220212_Barnekow_6_AOI,ring,2020-02,19,-15.2841293973304
20220212_Barnekow_6_AOI,polygon,2020-03,19,-16.553058719804152
20220212_Barnekow_6_AOI,ring,2020-03,19,-15.73209810101142
20220212_Barnekow_6_AOI,polygon,2020-04,20,-16.276064651901443
20220212_Barnekow_6_AOI,ring,2020-04,20,-15.792821291853203
20220212_Barnekow_6_AOI,polygon,2020-05,21,-15.423082429050375
20220212_Barnekow_6_AOI,ring,2020-05,21,-15.662925162704598
20220212_Barnekow_6_AOI,polygon,2020-06,19,-14.17205679425555
20220212_Barnekow_6_AOI,ring,2020-06,19,-15.13685526108649
20220212_Barnekow_6_AOI,polygon,2020-07,20,-14.156201635394325
20220212_Barnekow_6_AOI,ring,2020-07,20,-15.148694101986033
20220212_Barnekow_6_AOI,polygon,2020-08,21,-13.939475913933597
20220212_Barnekow_6_AOI,ring,2020-08,21,-15.029985020849319
20220212_Barnekow_6_AOI,polygon,2020-09,20,-14.51988585898
20220212_Barnekow_6_AOI,ring,2020-09,20,-15.530269454142461
20220212_Barnekow_6_AOI,polygon,2020-10,21,-14.824328622864396
20220212_Barnekow_6_AOI,ring,2020-10,21,-15.426980789944155
20220212_Barnekow_6_AOI,polygon,2020-11,20,-15.121233863686681
20220212_Barnekow_6_AOI,ring,2020-11,20,-15.198153083871908
20220212_Barnekow_6_AOI,polygon,2020-12,20,-15.396593819325329
20220212_Barnekow_6_AOI,ring,2020-12,20,-15.444892262226766
20220212_Barnekow_6_AOI,polygon,2021-01,18,-15.06481158281335
20220212_Barnekow_6_AOI,ring,2021-01,18,-15.3651466385845
20220212_Barnekow_6_AOI,polygon,2021-02,17,-16.30295930633168
20220212_Barnekow_6_AOI,ring,2021-02,17,-16.342428351921978
20220212_Barnekow_6_AOI,polygon,2021-03,20,-15.24368264447024
20220212_Barnekow_6_AOI,ring,2021-03,20,-15.512603089272801
20220212_Barnekow_6_AOI,polygon,2021-04,19,-15.364418619707235
20220212_Barnekow_6_AOI,ring,2021-04,19,-15.260696263916
20220212_Barnekow_6_AOI,polygon,2021-05,21,-14.787770888053263
20220212_Barnekow_6_AOI,ring,2021-05,21,-15.196726199196918
20220212_Barnekow_6_AOI,polygon,2021-06,20,-14.419552127205463
20220212_Barnekow_6_AOI,ring,2021-06,20,-15.190097664654548
20220212_Barnekow_6_AOI,polygon,2021-07,21,-14.650843861979318
20220212_Barnekow_6_AOI,ring,2021-07,21,-15.159671866709346
20220212_Barnekow_6_AOI,polygon,2021-08,20,-15.036280473424458
20220212_Barnekow_6_AOI,ring,2021-08,20,-15.632763286385083
20220212_Barnekow_6_AOI,polygon,2021-09,20,-15.578972310672366
20220212_Barnekow_6_AOI,ring,2021-09,20,-15.90952957372252
20220212_Barnekow_6_AOI,polygon,2021-10,21,-15.823440905966756
20220212_Barnekow_6_AOI,ring,2021-10,21,-16.056151291413496
20220212_Barnekow_6_AOI,polygon,2021-11,20,-15.746017665431648
20220212_Barnekow_6_AOI,ring,2021-11,20,-15.358867114239475
20220212_Barnekow_6_AOI,polygon,2021-12,18,-16.05686370050425
20220212_Barnekow_6_AOI,ring,2021-12,18,-15.7445962233951
20220212_Barnekow_6_AOI,polygon,2022-01,10,-15.755321894885327
20220212_Barnekow_6_AOI,ring,2022-01,10,-15.706500235636414
20220212_Barnekow_6_AOI,polygon,2022-02,10,-15.500796194213644
20220212_Barnekow_6_AOI,ring,2022-02,10,-15.22209605370518
20220212_Barnekow_6_AOI,polygon,2022-03,10,-16.966530121499357
20220212_Barnekow_6_AOI,ring,2022-03,10,-16.11908040935869
20220212_Barnekow_6_AOI,polygon,2022-04,9,-16.32037352869015
20220212_Barnekow_6_AOI,ring,2022-04,9,-15.716604290386417
20220212_Barnekow_6_AOI,polygon,2022-05,9,-15.955745208325562
20220212_Barnekow_6_AOI,ring,2022-05,9,-15.610324045345658
20220212_Barnekow_6_AOI,polygon,2022-06,10,-15.624941816549754
20220212_Barnekow_6_AOI,ring,2022-06,10,-15.60562090961394
20220212_Barnekow_6_AOI,polygon,2022-07,11,-16.08410787483188
20220212_Barnekow_6_AOI,ring,2022-07,11,-15.548624279653389
20220212_Barnekow_6_AOI,polygon,2022-08,7,-16.638874404115054
20220212_Barnekow_6_AOI,ring,2022-08,7,-15.411954048178746
20220212_Barnekow_6_AOI,polygon,2022-09,10,-16.274973128756244
20220212_Barnekow_6_AOI,ring,2022-09,10,-15.928184245387246
20220212_Barnekow_6_AOI,polygon,2022-10,10,-17.09850672571941
20220212_Barnekow_6_AOI,ring,2022-10,10,-16.00477665099682
20220212_Barnekow_6_AOI,polygon,2022-11,10,-16.768350817061837
20220212_Barnekow_6_AOI,ring,2022-11,10,-15.396640168131778
20220212_Barnekow_6_AOI,polygon,2022-12,10,-16.75147869772586
20220212_Barnekow_6_AOI,ring,2022-12,10,-16.13912405032612
20220212_Barnekow_6_AOI,polygon,2023-01,11,-15.393492672722964
20220212_Barnekow_6_AOI,ring,2023-01,11,-15.019700954722474
20220212_Barnekow_6_AOI,polygon,2023-02,9,-16.42507994913039
20220212_Barnekow_6_AOI,ring,2023-02,9,-15.974904318359304
20220212_Barnekow_6_AOI,polygon,2023-03,11,-16.806730766982593
20220212_Barnekow_6_AOI,ring,2023-03,11,-15.286464816587987
20220212_Barnekow_6_AOI,polygon,2023-04,9,-18.13447258389204
20220212_Barnekow_6_AOI,ring,2023-04,9,-15.808303975394884
20220212_Barnekow_6_AOI,polygon,2023-05,11,-19.875270746997824
20220212_Barnekow_6_AOI,ring,2023-05,11,-15.831047417284656
20220212_Barnekow_6_AOI,polygon,2023-06,10,-19.274936001582084
20220212_Barnekow_6_AOI,ring,2023-06,10,-15.91863350217475
20220212_Barnekow_6_AOI,polygon,2023-07,10,-16.542955198682023
20220212_Barnekow_6_AOI,ring,2023-07,10,-15.593989168376753
20220212_Barnekow_6_AOI,polygon,2023-08,11,-16.25881443059718
20220212_Barnekow_6_AOI,ring,2023-08,11,-15.663511759688529
20220212_Barnekow_6_AOI,polygon,2023-09,9,-16.92041873060078
20220212_Barnekow_6_AOI,ring,2023-09,9,-16.226245917153268
20220212_Barnekow_6_AOI,polygon,2023-10,10,-16.271045129865804
20220212_Barnekow_6_AOI,ring,2023-10,10,-16.062692876494204
20220212_Barnekow_6_AOI,polygon,2023-11,10,-15.436992966459258
20220212_Barnekow_6_AOI,ring,2023-11,10,-15.472762763980338
20220212_Barnekow_6_AOI,polygon,2023-12,10,-15.246535235238975
20220212_Barnekow_6_AOI,ring,2023-12,10,-15.263866125272038
20220212_Barnekow_6_AOI,polygon,2024-01,10,-16.583510614727373
20220212_Barnekow_6_AOI,ring,2024-01,10,-16.059608815090186
20220212_Barnekow_6_AOI,polygon,2024-02,10,-14.506598434924248
20220212_Barnekow_6_AOI,ring,2024-02,10,-14.522233554049208
20220212_Barnekow_6_AOI,polygon,2024-03,10,-15.880297656944482
20220212_Barnekow_6_AOI,ring,2024-03,10,-15.408835645550482
20220212_Barnekow_6_AOI,polygon,2024-04,11,-16.32400572284745
20220212_Barnekow_6_AOI,ring,2024-04,11,-15.258007296589382
20220212_Barnekow_6_AOI,polygon,2024-05,10,-17.17476093326538
20220212_Barnekow_6_AOI,ring,2024-05,10,-15.692180435932944
20220212_Barnekow_6_AOI,polygon,2024-06,10,-17.128758276061927
20220212_Barnekow_6_AOI,ring,2024-06,10,-15.754882151604262
20220212_Barnekow_6_AOI,polygon,2024-07,10,-16.02338181352705
20220212_Barnekow_6_AOI,ring,2024-07,10,-15.48399558623773
20220212_Barnekow_6_AOI,polygon,2024-08,10,-16.81807989277877
20220212_Barnekow_6_AOI,ring,2024-08,10,-15.812523258352286
20220212_Barnekow_6_AOI,polygon,2024-09,10,-16.680512589738736
20220212_Barnekow_6_AOI,ring,2024-09,10,-15.930706389990393
20220212_Barnekow_6_AOI,polygon,2024-10,10,-17.031077558358543
20220212_Barnekow_6_AOI,ring,2024-10,10,-16.13348513087359
20220212_Barnekow_6_AOI,polygon,2024-11,10,-15.943045568947403
20220212_Barnekow_6_AOI,ring,2024-11,10,-15.222865040628106
20220212_Barnekow_6_AOI,polygon,2024-12,10,-14.9621758386667
20220212_Barnekow_6_AOI,ring,2024-12,10,-14.927785395893457
20220212_Barnekow_6_AOI,polygon,2025-01,11,-15.942962783045955
20220212_Barnekow_6_AOI,ring,2025-01,11,-15.415049864237039
20220212_Barnekow_6_AOI,polygon,2025-02,9,-17.973873545538897
20220212_Barnekow_6_AOI,ring,2025-02,9,-16.58857122509244
20220212_Barnekow_6_AOI,polygon,2025-03,11,-17.184109232862486
20220212_Barnekow_6_AOI,ring,2025-03,11,-15.836169440029112
20220212_Barnekow_6_AOI,polygon,2025-04,21,-17.294936115363416
20220212_Barnekow_6_AOI,ring,2025-04,21,-15.869439868815137
20220212_Barnekow_6_AOI,polygon,2025-05,21,-17.52331615845294
20220212_Barnekow_6_AOI,ring,2025-05,21,-16.10421519453534
20220212_Barnekow_6_AOI,polygon,2025-06,20,-17.2837533342517
20220212_Barnekow_6_AOI,ring,2025-06,20,-15.7365356176088
20220212_Barnekow_6_AOI,polygon,2025-07,21,-16.36480323118631
20220212_Barnekow_6_AOI,ring,2025-07,21,-15.52651051292204
20220212_Barnekow_6_AOI,polygon,2025-08,20,-17.090708180633055
20220212_Barnekow_6_AOI,ring,2025-08,20,-16.06657068018326
20220212_Barnekow_6_AOI,polygon,2025-09,17,-17.15447611456186
20220212_Barnekow_6_AOI,ring,2025-09,17,-16.28577211224143
20220212_Barnekow_6_AOI,polygon,2025-10,19,-16.762373446463734
20220212_Barnekow_6_AOI,ring,2025-10,19,-16.142737377235683
20220212_Barnekow_6_AOI,polygon,2025-11,18,-16.822441238014246
20220212_Barnekow_6_AOI,ring,2025-11,18,-15.74198581880578
20220212_Barnekow_6_AOI,polygon,2025-12,21,-15.764751632209373
20220212_Barnekow_6_AOI,ring,2025-12,21,-15.563370860319019
20220212_Barnekow_6_AOI,polygon,2026-01,20,-18.491942374732368
20220212_Barnekow_6_AOI,ring,2026-01,20,-17.159190055246892
20220212_Barnekow_6_AOI,polygon,2026-02,19,-16.828143168727927
20220212_Barnekow_6_AOI,ring,2026-02,19,-16.241872686893988
20220212_Barnekow_6_AOI,polygon,2026-03,21,-16.75345776944713
20220212_Barnekow_6_AOI,ring,2026-03,21,-15.542850548663372
20220212_Barnekow_6_AOI,polygon,2026-04,23,-17.294430728495563
20220212_Barnekow_6_AOI,ring,2026-04,23,-15.519097513812275
20220212_Barnekow_6_AOI,polygon,2026-05,31,-17.12984467600651
20220212_Barnekow_6_AOI,ring,2026-05,31,-15.615626417354804
20220212_Barnekow_6_AOI,polygon,2026-06,25,-16.968843230434757
20220212_Barnekow_6_AOI,ring,2026-06,25,-15.528918205728916
20220212_Barnekow_6_AOI,polygon,2026-07,20,-16.723351314141805
20220212_Barnekow_6_AOI,ring,2026-07,20,-15.810336237681456
20220212_Barnekow_6_AOI,polygon,2026-08,21,-16.536822273762066
20220212_Barnekow_6_AOI,ring,2026-08,21,-15.873288647558555
20220212_Barnekow_6_AOI,polygon,2026-09,14,-16.225602499707033
20220212_Barnekow_6_AOI,ring,2026-09,14,-15.72033891425532
